SEF	1.0.0
ID	Poltava
Name	Poltava
Lat	49.6
Lon	34.55
Alt	160
Source	UA-UHMI
Link	https://doi.org/10.15407/uhmi.report.01
Vbl	ta
Stat	point
Units	C
Meta	Observer=Ivan Zozulyn
Year	Month	Day	Hour	Minute	Period	Value	Meta
1839	1	1	4	41	0	-4.4	orig=-3.5R|orig.time=7|orig.date=1839-01-01
1839	1	1	11	41	0	-2.5	orig=-2R|orig.time=2|orig.date=1839-01-01
1839	1	1	18	41	0	-3.8	orig=-3R|orig.time=9|orig.date=1839-01-01
1839	1	2	4	41	0	-7.8	orig=-6.25R|orig.time=7|orig.date=1839-01-02
1839	1	2	11	41	0	-3.1	orig=-2.5R|orig.time=2|orig.date=1839-01-02
1839	1	2	18	41	0	-5	orig=-4R|orig.time=9|orig.date=1839-01-02
1839	1	3	4	41	0	-8.8	orig=-7R|orig.time=7|orig.date=1839-01-03
1839	1	3	11	41	0	-6.2	orig=-5R|orig.time=2|orig.date=1839-01-03
1839	1	3	18	41	0	-7.2	orig=-5.75R|orig.time=9|orig.date=1839-01-03
1839	1	4	4	41	0	-7.2	orig=-5.75R|orig.time=7|orig.date=1839-01-04
1839	1	4	11	41	0	-3.8	orig=-3R|orig.time=2|orig.date=1839-01-04
1839	1	4	18	41	0	-5	orig=-4R|orig.time=9|orig.date=1839-01-04
1839	1	5	4	41	0	-3.8	orig=-3R|orig.time=7|orig.date=1839-01-05
1839	1	5	11	41	0	-2.5	orig=-2R|orig.time=2|orig.date=1839-01-05
1839	1	5	18	41	0	-3.8	orig=-3R|orig.time=9|orig.date=1839-01-05
1839	1	6	4	41	0	-5.6	orig=-4.5R|orig.time=7|orig.date=1839-01-06
1839	1	6	11	41	0	-1.9	orig=-1.5R|orig.time=2|orig.date=1839-01-06
1839	1	6	18	41	0	-1.9	orig=-1.5R|orig.time=9|orig.date=1839-01-06
1839	1	7	4	41	0	0	orig=0R|orig.time=7|orig.date=1839-01-07
1839	1	7	11	41	0	0.6	orig=0.5R|orig.time=2|orig.date=1839-01-07
1839	1	7	18	41	0	-2.2	orig=-1.75R|orig.time=9|orig.date=1839-01-07
1839	1	8	4	41	0	-6.2	orig=-5R|orig.time=7|orig.date=1839-01-08
1839	1	8	11	41	0	-2.5	orig=-2R|orig.time=2|orig.date=1839-01-08
1839	1	8	18	41	0	-1.9	orig=-1.5R|orig.time=9|orig.date=1839-01-08
1839	1	9	4	41	0	1.2	orig=1R|orig.time=7|orig.date=1839-01-09
1839	1	9	11	41	0	1.9	orig=1.5R|orig.time=2|orig.date=1839-01-09
1839	1	9	18	41	0	0	orig=0R|orig.time=9|orig.date=1839-01-09
1839	1	10	4	41	0	-3.8	orig=-3R|orig.time=7|orig.date=1839-01-10
1839	1	10	11	41	0	-1.2	orig=-1R|orig.time=2|orig.date=1839-01-10
1839	1	10	18	41	0	-2.5	orig=-2R|orig.time=9|orig.date=1839-01-10
1839	1	11	4	41	0	-5	orig=-4R|orig.time=7|orig.date=1839-01-11
1839	1	11	11	41	0	-2.5	orig=-2R|orig.time=2|orig.date=1839-01-11
1839	1	11	18	41	0	-3.1	orig=-2.5R|orig.time=9|orig.date=1839-01-11
1839	1	12	4	41	0	-5.6	orig=-4.5R|orig.time=7|orig.date=1839-01-12
1839	1	12	11	41	0	-4.4	orig=-3.5R|orig.time=2|orig.date=1839-01-12
1839	1	12	18	41	0	-4.4	orig=-3.5R|orig.time=9|orig.date=1839-01-12
1839	1	13	4	41	0	-6.2	orig=-5R|orig.time=7|orig.date=1839-01-13
1839	1	13	11	41	0	-4.4	orig=-3.5R|orig.time=2|orig.date=1839-01-13
1839	1	13	18	41	0	-5	orig=-4R|orig.time=9|orig.date=1839-01-13
1839	1	14	4	41	0	-6.6	orig=-5.25R|orig.time=7|orig.date=1839-01-14
1839	1	14	11	41	0	-6.9	orig=-5.5R|orig.time=2|orig.date=1839-01-14
1839	1	14	18	41	0	-9.4	orig=-7.5R|orig.time=9|orig.date=1839-01-14
1839	1	15	4	41	0	-2.5	orig=-2R|orig.time=7|orig.date=1839-01-15
1839	1	15	11	41	0	-1.9	orig=-1.5R|orig.time=2|orig.date=1839-01-15
1839	1	15	18	41	0	-1.4	orig=-1.1R|orig.time=9|orig.date=1839-01-15
1839	1	16	4	41	0	-0.6	orig=-0.5R|orig.time=7|orig.date=1839-01-16
1839	1	16	11	41	0	-3.8	orig=-3R|orig.time=2|orig.date=1839-01-16
1839	1	16	18	41	0	-6.9	orig=-5.5R|orig.time=9|orig.date=1839-01-16
1839	1	17	4	41	0	-6.9	orig=-5.5R|orig.time=7|orig.date=1839-01-17
1839	1	17	11	41	0	-6.2	orig=-5R|orig.time=2|orig.date=1839-01-17
1839	1	17	18	41	0	-7.5	orig=-6R|orig.time=9|orig.date=1839-01-17
1839	1	18	4	41	0	-8.8	orig=-7R|orig.time=7|orig.date=1839-01-18
1839	1	18	11	41	0	-7.5	orig=-6R|orig.time=2|orig.date=1839-01-18
1839	1	18	18	41	0	-7.5	orig=-6R|orig.time=9|orig.date=1839-01-18
1839	1	19	4	41	0	-7.5	orig=-6R|orig.time=7|orig.date=1839-01-19
1839	1	19	11	41	0	-6.2	orig=-5R|orig.time=2|orig.date=1839-01-19
1839	1	19	18	41	0	-8.8	orig=-7R|orig.time=9|orig.date=1839-01-19
1839	1	20	4	41	0	-13.1	orig=-10.5R|orig.time=7|orig.date=1839-01-20
1839	1	20	11	41	0	-10	orig=-8R|orig.time=2|orig.date=1839-01-20
1839	1	20	18	41	0	-12.5	orig=-10R|orig.time=9|orig.date=1839-01-20
1839	1	21	4	41	0	-13.1	orig=-10.5R|orig.time=7|orig.date=1839-01-21
1839	1	21	11	41	0	-9.4	orig=-7.5R|orig.time=2|orig.date=1839-01-21
1839	1	21	18	41	0	-10.6	orig=-8.5R|orig.time=9|orig.date=1839-01-21
1839	1	22	4	41	0	-5.9	orig=-4.75R|orig.time=7|orig.date=1839-01-22
1839	1	22	11	41	0	-10	orig=-8R|orig.time=2|orig.date=1839-01-22
1839	1	22	18	41	0	-10.9	orig=-8.75R|orig.time=9|orig.date=1839-01-22
1839	1	23	4	41	0	-7.5	orig=-6R|orig.time=7|orig.date=1839-01-23
1839	1	23	11	41	0	-4.7	orig=-3.75R|orig.time=2|orig.date=1839-01-23
1839	1	23	18	41	0	-5.9	orig=-4.75R|orig.time=9|orig.date=1839-01-23
1839	1	24	4	41	0	-9.1	orig=-7.25R|orig.time=7|orig.date=1839-01-24
1839	1	24	11	41	0	-7.5	orig=-6R|orig.time=2|orig.date=1839-01-24
1839	1	24	18	41	0	-9.7	orig=-7.75R|orig.time=9|orig.date=1839-01-24
1839	1	25	4	41	0	-10.6	orig=-8.5R|orig.time=7|orig.date=1839-01-25
1839	1	25	11	41	0	-6.2	orig=-5R|orig.time=2|orig.date=1839-01-25
1839	1	25	18	41	0	-10.9	orig=-8.75R|orig.time=9|orig.date=1839-01-25
1839	1	26	4	41	0	-10.6	orig=-8.5R|orig.time=7|orig.date=1839-01-26
1839	1	26	11	41	0	-8.1	orig=-6.5R|orig.time=2|orig.date=1839-01-26
1839	1	26	18	41	0	-8.8	orig=-7R|orig.time=9|orig.date=1839-01-26
1839	1	27	4	41	0	-17.2	orig=-13.75R|orig.time=7|orig.date=1839-01-27
1839	1	27	11	41	0	-11.9	orig=-9.5R|orig.time=2|orig.date=1839-01-27
1839	1	27	18	41	0	-15	orig=-12R|orig.time=9|orig.date=1839-01-27
1839	1	28	4	41	0	-15	orig=-12R|orig.time=7|orig.date=1839-01-28
1839	1	28	11	41	0	-12.5	orig=-10R|orig.time=2|orig.date=1839-01-28
1839	1	28	18	41	0	-16.2	orig=-13R|orig.time=9|orig.date=1839-01-28
1839	1	29	4	41	0	-25	orig=-20R|orig.time=7|orig.date=1839-01-29
1839	1	29	11	41	0	-13.8	orig=-11R|orig.time=2|orig.date=1839-01-29
1839	1	29	18	41	0	1.9	orig=1.5R|orig.time=9|orig.date=1839-01-29
1839	1	30	4	41	0	-10	orig=-8R|orig.time=7|orig.date=1839-01-30
1839	1	30	11	41	0	-7.5	orig=-6R|orig.time=2|orig.date=1839-01-30
1839	1	30	18	41	0	-8.8	orig=-7R|orig.time=9|orig.date=1839-01-30
1839	1	31	4	41	0	-10	orig=-8R|orig.time=7|orig.date=1839-01-31
1839	1	31	11	41	0	-6.2	orig=-5R|orig.time=2|orig.date=1839-01-31
1839	1	31	18	41	0	-8.1	orig=-6.5R|orig.time=9|orig.date=1839-01-31
1839	2	1	4	41	0	-13.8	orig=-11R|orig.time=7|orig.date=1839-02-01
1839	2	1	11	41	0	-6.2	orig=-5R|orig.time=2|orig.date=1839-02-01
1839	2	1	18	41	0	-3.8	orig=-3R|orig.time=9|orig.date=1839-02-01
1839	2	2	4	41	0	1.6	orig=1.25R|orig.time=7|orig.date=1839-02-02
1839	2	2	11	41	0	1.9	orig=1.5R|orig.time=2|orig.date=1839-02-02
1839	2	2	18	41	0	-3.8	orig=-3R|orig.time=9|orig.date=1839-02-02
1839	2	3	4	41	0	-7.5	orig=-6R|orig.time=7|orig.date=1839-02-03
1839	2	3	11	41	0	-5	orig=-4R|orig.time=2|orig.date=1839-02-03
1839	2	3	18	41	0	-7.5	orig=-6R|orig.time=9|orig.date=1839-02-03
1839	2	4	4	41	0	-5.3	orig=-4.25R|orig.time=7|orig.date=1839-02-04
1839	2	4	11	41	0	-5	orig=-4R|orig.time=2|orig.date=1839-02-04
1839	2	4	18	41	0	-7.5	orig=-6R|orig.time=9|orig.date=1839-02-04
1839	2	5	4	41	0	-10	orig=-8R|orig.time=7|orig.date=1839-02-05
1839	2	5	11	41	0	-8.8	orig=-7R|orig.time=2|orig.date=1839-02-05
1839	2	5	18	41	0	-8.8	orig=-7R|orig.time=9|orig.date=1839-02-05
1839	2	6	4	41	0	-9.4	orig=-7.5R|orig.time=7|orig.date=1839-02-06
1839	2	6	11	41	0	-6.2	orig=-5R|orig.time=2|orig.date=1839-02-06
1839	2	6	18	41	0	-7.5	orig=-6R|orig.time=9|orig.date=1839-02-06
1839	2	7	4	41	0	-9.4	orig=-7.5R|orig.time=7|orig.date=1839-02-07
1839	2	7	11	41	0	-8.8	orig=-7R|orig.time=2|orig.date=1839-02-07
1839	2	7	18	41	0	-11.2	orig=-9R|orig.time=9|orig.date=1839-02-07
1839	2	8	4	41	0	-16.9	orig=-13.5R|orig.time=7|orig.date=1839-02-08
1839	2	8	11	41	0	-11.2	orig=-9R|orig.time=2|orig.date=1839-02-08
1839	2	8	18	41	0	-12.5	orig=-10R|orig.time=9|orig.date=1839-02-08
1839	2	9	4	41	0	-14.4	orig=-11.5R|orig.time=7|orig.date=1839-02-09
1839	2	9	11	41	0	-15	orig=-12R|orig.time=2|orig.date=1839-02-09
1839	2	9	18	41	0	-17.5	orig=-14R|orig.time=9|orig.date=1839-02-09
1839	2	10	4	41	0	-22.5	orig=-18R|orig.time=7|orig.date=1839-02-10
1839	2	10	11	41	0	-20	orig=-16R|orig.time=2|orig.date=1839-02-10
1839	2	10	18	41	0	-23.8	orig=-19R|orig.time=9|orig.date=1839-02-10
1839	2	11	4	41	0	-17.5	orig=-14R|orig.time=7|orig.date=1839-02-11
1839	2	11	11	41	0	-10	orig=-8R|orig.time=2|orig.date=1839-02-11
1839	2	11	18	41	0	-10	orig=-8R|orig.time=9|orig.date=1839-02-11
1839	2	12	4	41	0	-10.3	orig=-8.25R|orig.time=7|orig.date=1839-02-12
1839	2	12	11	41	0	-6.2	orig=-5R|orig.time=2|orig.date=1839-02-12
1839	2	12	18	41	0	-6.2	orig=-5R|orig.time=9|orig.date=1839-02-12
1839	2	13	4	41	0	-10	orig=-8R|orig.time=7|orig.date=1839-02-13
1839	2	13	11	41	0	-5	orig=-4R|orig.time=2|orig.date=1839-02-13
1839	2	13	18	41	0	-3.8	orig=-3R|orig.time=9|orig.date=1839-02-13
1839	2	14	4	41	0	-0.6	orig=-0.5R|orig.time=7|orig.date=1839-02-14
1839	2	14	11	41	0	1.2	orig=1R|orig.time=2|orig.date=1839-02-14
1839	2	14	18	41	0	-2.5	orig=-2R|orig.time=9|orig.date=1839-02-14
1839	2	15	4	41	0	-4.1	orig=-3.25R|orig.time=7|orig.date=1839-02-15
1839	2	15	11	41	0	-1.2	orig=-1R|orig.time=2|orig.date=1839-02-15
1839	2	15	18	41	0	-2.5	orig=-2R|orig.time=9|orig.date=1839-02-15
1839	2	16	4	41	0	-4.7	orig=-3.75R|orig.time=7|orig.date=1839-02-16
1839	2	16	11	41	0	-0.6	orig=-0.5R|orig.time=2|orig.date=1839-02-16
1839	2	16	18	41	0	-2.5	orig=-2R|orig.time=9|orig.date=1839-02-16
1839	2	17	4	41	0	-5	orig=-4R|orig.time=7|orig.date=1839-02-17
1839	2	17	11	41	0	1.6	orig=1.25R|orig.time=2|orig.date=1839-02-17
1839	2	17	18	41	0	-2.5	orig=-2R|orig.time=9|orig.date=1839-02-17
1839	2	18	4	41	0	-5.3	orig=-4.25R|orig.time=7|orig.date=1839-02-18
1839	2	18	11	41	0	1.9	orig=1.5R|orig.time=2|orig.date=1839-02-18
1839	2	18	18	41	0	0.3	orig=0.25R|orig.time=9|orig.date=1839-02-18
1839	2	19	4	41	0	-0.3	orig=-0.25R|orig.time=7|orig.date=1839-02-19
1839	2	19	11	41	0	1.6	orig=1.25R|orig.time=2|orig.date=1839-02-19
1839	2	19	18	41	0	1.2	orig=1R|orig.time=9|orig.date=1839-02-19
1839	2	20	4	41	0	1.2	orig=1R|orig.time=7|orig.date=1839-02-20
1839	2	20	11	41	0	1.9	orig=1.5R|orig.time=2|orig.date=1839-02-20
1839	2	20	18	41	0	1.2	orig=1R|orig.time=9|orig.date=1839-02-20
1839	2	21	4	41	0	-3.8	orig=-3R|orig.time=7|orig.date=1839-02-21
1839	2	21	11	41	0	-1.2	orig=-1R|orig.time=2|orig.date=1839-02-21
1839	2	21	18	41	0	-1.9	orig=-1.5R|orig.time=9|orig.date=1839-02-21
1839	2	22	4	41	0	-3.1	orig=-2.5R|orig.time=7|orig.date=1839-02-22
1839	2	22	11	41	0	-2.5	orig=-2R|orig.time=2|orig.date=1839-02-22
1839	2	22	18	41	0	-2.5	orig=-2R|orig.time=9|orig.date=1839-02-22
1839	2	23	4	41	0	-6.2	orig=-5R|orig.time=7|orig.date=1839-02-23
1839	2	23	11	41	0	-5	orig=-4R|orig.time=2|orig.date=1839-02-23
1839	2	23	18	41	0	-7.5	orig=-6R|orig.time=9|orig.date=1839-02-23
1839	2	24	4	41	0	-15	orig=-12R|orig.time=7|orig.date=1839-02-24
1839	2	24	11	41	0	-5.6	orig=-4.5R|orig.time=2|orig.date=1839-02-24
1839	2	24	18	41	0	-2.5	orig=-2R|orig.time=9|orig.date=1839-02-24
1839	2	25	4	41	0	-3.1	orig=-2.5R|orig.time=7|orig.date=1839-02-25
1839	2	25	11	41	0	-2.2	orig=-1.75R|orig.time=2|orig.date=1839-02-25
1839	2	25	18	41	0	-2.5	orig=-2R|orig.time=9|orig.date=1839-02-25
1839	2	26	4	41	0	-7.8	orig=-6.25R|orig.time=7|orig.date=1839-02-26
1839	2	26	11	41	0	-6.2	orig=-5R|orig.time=2|orig.date=1839-02-26
1839	2	26	18	41	0	-6.2	orig=-5R|orig.time=9|orig.date=1839-02-26
1839	2	27	4	41	0	-7.5	orig=-6R|orig.time=7|orig.date=1839-02-27
1839	2	27	11	41	0	-4.4	orig=-3.5R|orig.time=2|orig.date=1839-02-27
1839	2	27	18	41	0	-4.4	orig=-3.5R|orig.time=9|orig.date=1839-02-27
1839	2	28	4	41	0	-5	orig=-4R|orig.time=7|orig.date=1839-02-28
1839	2	28	11	41	0	-3.8	orig=-3R|orig.time=2|orig.date=1839-02-28
1839	2	28	18	41	0	-3.8	orig=-3R|orig.time=9|orig.date=1839-02-28
1839	3	1	4	41	0	-5.6	orig=-4.5R|orig.time=7|orig.date=1839-03-01
1839	3	1	11	41	0	0.6	orig=0.5R|orig.time=2|orig.date=1839-03-01
1839	3	1	18	41	0	-1.2	orig=-1R|orig.time=9|orig.date=1839-03-01
1839	3	2	4	41	0	-5	orig=-4R|orig.time=7|orig.date=1839-03-02
1839	3	2	11	41	0	-3.8	orig=-3R|orig.time=2|orig.date=1839-03-02
1839	3	2	18	41	0	-3.8	orig=-3R|orig.time=9|orig.date=1839-03-02
1839	3	3	4	41	0	-5	orig=-4R|orig.time=7|orig.date=1839-03-03
1839	3	3	11	41	0	-3.8	orig=-3R|orig.time=2|orig.date=1839-03-03
1839	3	3	18	41	0	-5	orig=-4R|orig.time=9|orig.date=1839-03-03
1839	3	4	4	41	0	-7.5	orig=-6R|orig.time=7|orig.date=1839-03-04
1839	3	4	11	41	0	-5	orig=-4R|orig.time=2|orig.date=1839-03-04
1839	3	4	18	41	0	-6.2	orig=-5R|orig.time=9|orig.date=1839-03-04
1839	3	5	4	41	0	-6.2	orig=-5R|orig.time=7|orig.date=1839-03-05
1839	3	5	11	41	0	-1.2	orig=-1R|orig.time=2|orig.date=1839-03-05
1839	3	5	18	41	0	-2.5	orig=-2R|orig.time=9|orig.date=1839-03-05
1839	3	6	4	41	0	-6.2	orig=-5R|orig.time=7|orig.date=1839-03-06
1839	3	6	11	41	0	-3.8	orig=-3R|orig.time=2|orig.date=1839-03-06
1839	3	6	18	41	0	-6.2	orig=-5R|orig.time=9|orig.date=1839-03-06
1839	3	7	4	41	0	-13.4	orig=-10.75R|orig.time=7|orig.date=1839-03-07
1839	3	7	11	41	0	-7.5	orig=-6R|orig.time=2|orig.date=1839-03-07
1839	3	7	18	41	0	-9.1	orig=-7.25R|orig.time=9|orig.date=1839-03-07
1839	3	8	4	41	0	-11.6	orig=-9.25R|orig.time=7|orig.date=1839-03-08
1839	3	8	11	41	0	-8.8	orig=-7R|orig.time=2|orig.date=1839-03-08
1839	3	8	18	41	0	-12.5	orig=-10R|orig.time=9|orig.date=1839-03-08
1839	3	9	4	41	0	-16.9	orig=-13.5R|orig.time=7|orig.date=1839-03-09
1839	3	9	11	41	0	-11.2	orig=-9R|orig.time=2|orig.date=1839-03-09
1839	3	9	18	41	0	-12.5	orig=-10R|orig.time=9|orig.date=1839-03-09
1839	3	10	4	41	0	-14.1	orig=-11.25R|orig.time=7|orig.date=1839-03-10
1839	3	10	11	41	0	-7.5	orig=-6R|orig.time=2|orig.date=1839-03-10
1839	3	10	18	41	0	-3.8	orig=-3R|orig.time=9|orig.date=1839-03-10
1839	3	11	4	41	0	-16.2	orig=-13R|orig.time=7|orig.date=1839-03-11
1839	3	11	11	41	0	-8.8	orig=-7R|orig.time=2|orig.date=1839-03-11
1839	3	11	18	41	0	-10	orig=-8R|orig.time=9|orig.date=1839-03-11
1839	3	12	4	41	0	-11.6	orig=-9.25R|orig.time=7|orig.date=1839-03-12
1839	3	12	11	41	0	-3.8	orig=-3R|orig.time=2|orig.date=1839-03-12
1839	3	12	18	41	0	-6.2	orig=-5R|orig.time=9|orig.date=1839-03-12
1839	3	13	4	41	0	-15	orig=-12R|orig.time=7|orig.date=1839-03-13
1839	3	13	11	41	0	-8.4	orig=-6.75R|orig.time=2|orig.date=1839-03-13
1839	3	13	18	41	0	-9.4	orig=-7.5R|orig.time=9|orig.date=1839-03-13
1839	3	14	4	41	0	-11.2	orig=-9R|orig.time=7|orig.date=1839-03-14
1839	3	14	11	41	0	-6.2	orig=-5R|orig.time=2|orig.date=1839-03-14
1839	3	14	18	41	0	-7.5	orig=-6R|orig.time=9|orig.date=1839-03-14
1839	3	15	4	41	0	-8.8	orig=-7R|orig.time=7|orig.date=1839-03-15
1839	3	15	11	41	0	-1.9	orig=-1.5R|orig.time=2|orig.date=1839-03-15
1839	3	15	18	41	0	-8.8	orig=-7R|orig.time=9|orig.date=1839-03-15
1839	3	16	4	41	0	-15	orig=-12R|orig.time=7|orig.date=1839-03-16
1839	3	16	11	41	0	-6.2	orig=-5R|orig.time=2|orig.date=1839-03-16
1839	3	16	18	41	0	-7.5	orig=-6R|orig.time=9|orig.date=1839-03-16
1839	3	17	4	41	0	-8.8	orig=-7R|orig.time=7|orig.date=1839-03-17
1839	3	17	11	41	0	-3.8	orig=-3R|orig.time=2|orig.date=1839-03-17
1839	3	17	18	41	0	-6.2	orig=-5R|orig.time=9|orig.date=1839-03-17
1839	3	18	4	41	0	-11.2	orig=-9R|orig.time=7|orig.date=1839-03-18
1839	3	18	11	41	0	-6.2	orig=-5R|orig.time=2|orig.date=1839-03-18
1839	3	18	18	41	0	-7.5	orig=-6R|orig.time=9|orig.date=1839-03-18
1839	3	19	4	41	0	-10.6	orig=-8.5R|orig.time=7|orig.date=1839-03-19
1839	3	19	11	41	0	-6.2	orig=-5R|orig.time=2|orig.date=1839-03-19
1839	3	19	18	41	0	-15	orig=-12R|orig.time=9|orig.date=1839-03-19
1839	3	20	4	41	0	-22.5	orig=-18R|orig.time=7|orig.date=1839-03-20
1839	3	20	11	41	0	-12.5	orig=-10R|orig.time=2|orig.date=1839-03-20
1839	3	20	18	41	0	-18.8	orig=-15R|orig.time=9|orig.date=1839-03-20
1839	3	21	4	41	0	-25	orig=-20R|orig.time=7|orig.date=1839-03-21
1839	3	21	11	41	0	-13.1	orig=-10.5R|orig.time=2|orig.date=1839-03-21
1839	3	21	18	41	0	-15.6	orig=-12.5R|orig.time=9|orig.date=1839-03-21
1839	3	22	4	41	0	-22.5	orig=-18R|orig.time=7|orig.date=1839-03-22
1839	3	22	11	41	0	-3.8	orig=-3R|orig.time=2|orig.date=1839-03-22
1839	3	22	18	41	0	-7.5	orig=-6R|orig.time=9|orig.date=1839-03-22
1839	3	23	4	41	0	-7.5	orig=-6R|orig.time=7|orig.date=1839-03-23
1839	3	23	11	41	0	0	orig=0R|orig.time=2|orig.date=1839-03-23
1839	3	23	18	41	0	-1.9	orig=-1.5R|orig.time=9|orig.date=1839-03-23
1839	3	24	4	41	0	-3.8	orig=-3R|orig.time=7|orig.date=1839-03-24
1839	3	24	11	41	0	4.4	orig=3.5R|orig.time=2|orig.date=1839-03-24
1839	3	24	18	41	0	1.2	orig=1R|orig.time=9|orig.date=1839-03-24
1839	3	25	4	41	0	1.2	orig=1R|orig.time=7|orig.date=1839-03-25
1839	3	25	11	41	0	5.6	orig=4.5R|orig.time=2|orig.date=1839-03-25
1839	3	25	18	41	0	2.5	orig=2R|orig.time=9|orig.date=1839-03-25
1839	3	26	4	41	0	1.2	orig=1R|orig.time=7|orig.date=1839-03-26
1839	3	26	11	41	0	4.1	orig=3.25R|orig.time=2|orig.date=1839-03-26
1839	3	26	18	41	0	2.5	orig=2R|orig.time=9|orig.date=1839-03-26
1839	3	27	4	41	0	1.2	orig=1R|orig.time=7|orig.date=1839-03-27
1839	3	27	11	41	0	2.5	orig=2R|orig.time=2|orig.date=1839-03-27
1839	3	27	18	41	0	0	orig=0R|orig.time=9|orig.date=1839-03-27
1839	3	28	4	41	0	-4.4	orig=-3.5R|orig.time=7|orig.date=1839-03-28
1839	3	28	11	41	0	2.5	orig=2R|orig.time=2|orig.date=1839-03-28
1839	3	28	18	41	0	0	orig=0R|orig.time=9|orig.date=1839-03-28
1839	3	29	4	41	0	0.3	orig=0.25R|orig.time=7|orig.date=1839-03-29
1839	3	29	11	41	0	2.8	orig=2.25R|orig.time=2|orig.date=1839-03-29
1839	3	29	18	41	0	2.5	orig=2R|orig.time=9|orig.date=1839-03-29
1839	3	30	4	41	0	2.5	orig=2R|orig.time=7|orig.date=1839-03-30
1839	3	30	11	41	0	2.8	orig=2.25R|orig.time=2|orig.date=1839-03-30
1839	3	30	18	41	0	2.2	orig=1.75R|orig.time=9|orig.date=1839-03-30
1839	3	31	4	41	0	-1.2	orig=-1R|orig.time=7|orig.date=1839-03-31
1839	3	31	11	41	0	1.2	orig=1R|orig.time=2|orig.date=1839-03-31
1839	3	31	18	41	0	-1.2	orig=-1R|orig.time=9|orig.date=1839-03-31
1839	4	1	4	41	0	-1.9	orig=-1.5R|orig.time=7|orig.date=1839-04-01
1839	4	1	11	41	0	-1.2	orig=-1R|orig.time=2|orig.date=1839-04-01
1839	4	1	18	41	0	-6.2	orig=-5R|orig.time=9|orig.date=1839-04-01
1839	4	2	4	41	0	-8.1	orig=-6.5R|orig.time=7|orig.date=1839-04-02
1839	4	2	11	41	0	-2.5	orig=-2R|orig.time=2|orig.date=1839-04-02
1839	4	2	18	41	0	-4.1	orig=-3.25R|orig.time=9|orig.date=1839-04-02
1839	4	3	4	41	0	-6.2	orig=-5R|orig.time=7|orig.date=1839-04-03
1839	4	3	11	41	0	0	orig=0R|orig.time=2|orig.date=1839-04-03
1839	4	3	18	41	0	-4.7	orig=-3.75R|orig.time=9|orig.date=1839-04-03
1839	4	4	4	41	0	-7.2	orig=-5.75R|orig.time=7|orig.date=1839-04-04
1839	4	4	11	41	0	0	orig=0R|orig.time=2|orig.date=1839-04-04
1839	4	4	18	41	0	-5	orig=-4R|orig.time=9|orig.date=1839-04-04
1839	4	5	4	41	0	-5.6	orig=-4.5R|orig.time=7|orig.date=1839-04-05
1839	4	5	11	41	0	-1.9	orig=-1.5R|orig.time=2|orig.date=1839-04-05
1839	4	5	18	41	0	-6.2	orig=-5R|orig.time=9|orig.date=1839-04-05
1839	4	6	4	41	0	-5.3	orig=-4.25R|orig.time=7|orig.date=1839-04-06
1839	4	6	11	41	0	-3.1	orig=-2.5R|orig.time=2|orig.date=1839-04-06
1839	4	6	18	41	0	-8.1	orig=-6.5R|orig.time=9|orig.date=1839-04-06
1839	4	7	4	41	0	-8.4	orig=-6.75R|orig.time=7|orig.date=1839-04-07
1839	4	7	11	41	0	1.9	orig=1.5R|orig.time=2|orig.date=1839-04-07
1839	4	7	18	41	0	-3.8	orig=-3R|orig.time=9|orig.date=1839-04-07
1839	4	8	4	41	0	-5	orig=-4R|orig.time=7|orig.date=1839-04-08
1839	4	8	11	41	0	-1.2	orig=-1R|orig.time=2|orig.date=1839-04-08
1839	4	8	18	41	0	-4.1	orig=-3.25R|orig.time=9|orig.date=1839-04-08
1839	4	9	4	41	0	-2.5	orig=-2R|orig.time=7|orig.date=1839-04-09
1839	4	9	11	41	0	1.9	orig=1.5R|orig.time=2|orig.date=1839-04-09
1839	4	9	18	41	0	1.2	orig=1R|orig.time=9|orig.date=1839-04-09
1839	4	10	4	41	0	0	orig=0R|orig.time=7|orig.date=1839-04-10
1839	4	10	11	41	0	1.9	orig=1.5R|orig.time=2|orig.date=1839-04-10
1839	4	10	18	41	0	0.6	orig=0.5R|orig.time=9|orig.date=1839-04-10
1839	4	11	4	41	0	-1.9	orig=-1.5R|orig.time=7|orig.date=1839-04-11
1839	4	11	11	41	0	-0.9	orig=-0.75R|orig.time=2|orig.date=1839-04-11
1839	4	11	18	41	0	0	orig=0R|orig.time=9|orig.date=1839-04-11
1839	4	12	4	41	0	-1.9	orig=-1.5R|orig.time=7|orig.date=1839-04-12
1839	4	12	11	41	0	1.9	orig=1.5R|orig.time=2|orig.date=1839-04-12
1839	4	12	18	41	0	0	orig=0R|orig.time=9|orig.date=1839-04-12
1839	4	13	4	41	0	-1.2	orig=-1R|orig.time=7|orig.date=1839-04-13
1839	4	13	11	41	0	5.3	orig=4.25R|orig.time=2|orig.date=1839-04-13
1839	4	13	18	41	0	0	orig=0R|orig.time=9|orig.date=1839-04-13
1839	4	14	4	41	0	-0.3	orig=-0.25R|orig.time=7|orig.date=1839-04-14
1839	4	14	11	41	0	6.2	orig=5R|orig.time=2|orig.date=1839-04-14
1839	4	14	18	41	0	2.5	orig=2R|orig.time=9|orig.date=1839-04-14
1839	4	15	4	41	0	0	orig=0R|orig.time=7|orig.date=1839-04-15
1839	4	15	11	41	0	6.6	orig=5.25R|orig.time=2|orig.date=1839-04-15
1839	4	15	18	41	0	2.5	orig=2R|orig.time=9|orig.date=1839-04-15
1839	4	16	4	41	0	0	orig=0R|orig.time=7|orig.date=1839-04-16
1839	4	16	11	41	0	0.6	orig=0.5R|orig.time=2|orig.date=1839-04-16
1839	4	16	18	41	0	-2.5	orig=-2R|orig.time=9|orig.date=1839-04-16
1839	4	17	4	41	0	-6.2	orig=-5R|orig.time=7|orig.date=1839-04-17
1839	4	17	11	41	0	0	orig=0R|orig.time=2|orig.date=1839-04-17
1839	4	17	18	41	0	-3.8	orig=-3R|orig.time=9|orig.date=1839-04-17
1839	4	18	4	41	0	-4.4	orig=-3.5R|orig.time=7|orig.date=1839-04-18
1839	4	18	11	41	0	6.6	orig=5.25R|orig.time=2|orig.date=1839-04-18
1839	4	18	18	41	0	2.5	orig=2R|orig.time=9|orig.date=1839-04-18
1839	4	19	4	41	0	2.5	orig=2R|orig.time=7|orig.date=1839-04-19
1839	4	19	11	41	0	13.8	orig=11R|orig.time=2|orig.date=1839-04-19
1839	4	19	18	41	0	0	orig=0R|orig.time=9|orig.date=1839-04-19
1839	4	20	4	41	0	8.8	orig=7R|orig.time=7|orig.date=1839-04-20
1839	4	20	11	41	0	15.6	orig=12.5R|orig.time=2|orig.date=1839-04-20
1839	4	20	18	41	0	6.2	orig=5R|orig.time=9|orig.date=1839-04-20
1839	4	21	4	41	0	11.2	orig=9R|orig.time=7|orig.date=1839-04-21
1839	4	21	11	41	0	13.8	orig=11R|orig.time=2|orig.date=1839-04-21
1839	4	21	18	41	0	8.8	orig=7R|orig.time=9|orig.date=1839-04-21
1839	4	22	4	41	0	5	orig=4R|orig.time=7|orig.date=1839-04-22
1839	4	22	11	41	0	6.9	orig=5.5R|orig.time=2|orig.date=1839-04-22
1839	4	22	18	41	0	6.2	orig=5R|orig.time=9|orig.date=1839-04-22
1839	4	23	4	41	0	5.9	orig=4.75R|orig.time=7|orig.date=1839-04-23
1839	4	23	11	41	0	12.8	orig=10.25R|orig.time=2|orig.date=1839-04-23
1839	4	23	18	41	0	7.5	orig=6R|orig.time=9|orig.date=1839-04-23
1839	4	24	4	41	0	6.9	orig=5.5R|orig.time=7|orig.date=1839-04-24
1839	4	24	11	41	0	13.1	orig=10.5R|orig.time=2|orig.date=1839-04-24
1839	4	24	18	41	0	9.4	orig=7.5R|orig.time=9|orig.date=1839-04-24
1839	4	25	4	41	0	12.5	orig=10R|orig.time=7|orig.date=1839-04-25
1839	4	25	11	41	0	16.9	orig=13.5R|orig.time=2|orig.date=1839-04-25
1839	4	25	18	41	0	12.5	orig=10R|orig.time=9|orig.date=1839-04-25
1839	4	26	4	41	0	10	orig=8R|orig.time=7|orig.date=1839-04-26
1839	4	26	11	41	0	17.5	orig=14R|orig.time=2|orig.date=1839-04-26
1839	4	26	18	41	0	14.4	orig=11.5R|orig.time=9|orig.date=1839-04-26
1839	4	27	4	41	0	12.5	orig=10R|orig.time=7|orig.date=1839-04-27
1839	4	27	11	41	0	20.6	orig=16.5R|orig.time=2|orig.date=1839-04-27
1839	4	27	18	41	0	16.2	orig=13R|orig.time=9|orig.date=1839-04-27
1839	4	28	4	41	0	16.2	orig=13R|orig.time=7|orig.date=1839-04-28
1839	4	28	11	41	0	20	orig=16R|orig.time=2|orig.date=1839-04-28
1839	4	28	18	41	0	15	orig=12R|orig.time=9|orig.date=1839-04-28
1839	4	29	4	41	0	18.4	orig=14.75R|orig.time=7|orig.date=1839-04-29
1839	4	29	11	41	0	21.6	orig=17.25R|orig.time=2|orig.date=1839-04-29
1839	4	29	18	41	0	17.5	orig=14R|orig.time=9|orig.date=1839-04-29
1839	4	30	4	41	0	15	orig=12R|orig.time=7|orig.date=1839-04-30
1839	4	30	11	41	0	19.4	orig=15.5R|orig.time=2|orig.date=1839-04-30
1839	4	30	18	41	0	10.6	orig=8.5R|orig.time=9|orig.date=1839-04-30
1839	5	1	4	41	0	8.1	orig=6.5R|orig.time=7|orig.date=1839-05-01
1839	5	1	11	41	0	17.5	orig=14R|orig.time=2|orig.date=1839-05-01
1839	5	1	18	41	0	6.2	orig=5R|orig.time=9|orig.date=1839-05-01
1839	5	2	4	41	0	8.8	orig=7R|orig.time=7|orig.date=1839-05-02
1839	5	2	11	41	0	13.8	orig=11R|orig.time=2|orig.date=1839-05-02
1839	5	2	18	41	0	5	orig=4R|orig.time=9|orig.date=1839-05-02
1839	5	3	4	41	0	6.2	orig=5R|orig.time=7|orig.date=1839-05-03
1839	5	3	11	41	0	10	orig=8R|orig.time=2|orig.date=1839-05-03
1839	5	3	18	41	0	5	orig=4R|orig.time=9|orig.date=1839-05-03
1839	5	4	4	41	0	6.9	orig=5.5R|orig.time=7|orig.date=1839-05-04
1839	5	4	11	41	0	13.8	orig=11R|orig.time=2|orig.date=1839-05-04
1839	5	4	18	41	0	6.2	orig=5R|orig.time=9|orig.date=1839-05-04
1839	5	5	4	41	0	9.4	orig=7.5R|orig.time=7|orig.date=1839-05-05
1839	5	5	11	41	0	14.1	orig=11.25R|orig.time=2|orig.date=1839-05-05
1839	5	5	18	41	0	7.5	orig=6R|orig.time=9|orig.date=1839-05-05
1839	5	6	4	41	0	8.1	orig=6.5R|orig.time=7|orig.date=1839-05-06
1839	5	6	11	41	0	15.9	orig=12.75R|orig.time=2|orig.date=1839-05-06
1839	5	6	18	41	0	10.6	orig=8.5R|orig.time=9|orig.date=1839-05-06
1839	5	7	4	41	0	12.5	orig=10R|orig.time=7|orig.date=1839-05-07
1839	5	7	11	41	0	19.1	orig=15.25R|orig.time=2|orig.date=1839-05-07
1839	5	7	18	41	0	9.4	orig=7.5R|orig.time=9|orig.date=1839-05-07
1839	5	8	4	41	0	8.8	orig=7R|orig.time=7|orig.date=1839-05-08
1839	5	8	11	41	0	19.7	orig=15.75R|orig.time=2|orig.date=1839-05-08
1839	5	8	18	41	0	11.2	orig=9R|orig.time=9|orig.date=1839-05-08
1839	5	9	4	41	0	10	orig=8R|orig.time=7|orig.date=1839-05-09
1839	5	9	11	41	0	20	orig=16R|orig.time=2|orig.date=1839-05-09
1839	5	9	18	41	0	10.6	orig=8.5R|orig.time=9|orig.date=1839-05-09
1839	5	10	4	41	0	11.2	orig=9R|orig.time=7|orig.date=1839-05-10
1839	5	10	11	41	0	21.2	orig=17R|orig.time=2|orig.date=1839-05-10
1839	5	10	18	41	0	15	orig=12R|orig.time=9|orig.date=1839-05-10
1839	5	11	4	41	0	13.1	orig=10.5R|orig.time=7|orig.date=1839-05-11
1839	5	11	11	41	0	22.8	orig=18.25R|orig.time=2|orig.date=1839-05-11
1839	5	11	18	41	0	18.8	orig=15R|orig.time=9|orig.date=1839-05-11
1839	5	12	4	41	0	17.2	orig=13.75R|orig.time=7|orig.date=1839-05-12
1839	5	12	11	41	0	22.5	orig=18R|orig.time=2|orig.date=1839-05-12
1839	5	12	18	41	0	18.1	orig=14.5R|orig.time=9|orig.date=1839-05-12
1839	5	13	4	41	0	17.5	orig=14R|orig.time=7|orig.date=1839-05-13
1839	5	13	11	41	0	21.9	orig=17.5R|orig.time=2|orig.date=1839-05-13
1839	5	13	18	41	0	17.8	orig=14.25R|orig.time=9|orig.date=1839-05-13
1839	5	14	4	41	0	13.8	orig=11R|orig.time=7|orig.date=1839-05-14
1839	5	14	11	41	0	19.4	orig=15.5R|orig.time=2|orig.date=1839-05-14
1839	5	14	18	41	0	15	orig=12R|orig.time=9|orig.date=1839-05-14
1839	5	15	4	41	0	8.8	orig=7R|orig.time=7|orig.date=1839-05-15
1839	5	15	11	41	0	13.8	orig=11R|orig.time=2|orig.date=1839-05-15
1839	5	15	18	41	0	10	orig=8R|orig.time=9|orig.date=1839-05-15
1839	5	16	4	41	0	8.8	orig=7R|orig.time=7|orig.date=1839-05-16
1839	5	16	11	41	0	18.8	orig=15R|orig.time=2|orig.date=1839-05-16
1839	5	16	18	41	0	17.5	orig=14R|orig.time=9|orig.date=1839-05-16
1839	5	17	4	41	0	10	orig=8R|orig.time=7|orig.date=1839-05-17
1839	5	17	11	41	0	20	orig=16R|orig.time=2|orig.date=1839-05-17
1839	5	17	18	41	0	15	orig=12R|orig.time=9|orig.date=1839-05-17
1839	5	18	4	41	0	9.4	orig=7.5R|orig.time=7|orig.date=1839-05-18
1839	5	18	11	41	0	15	orig=12R|orig.time=2|orig.date=1839-05-18
1839	5	18	18	41	0	14.4	orig=11.5R|orig.time=9|orig.date=1839-05-18
1839	5	19	4	41	0	12.5	orig=10R|orig.time=7|orig.date=1839-05-19
1839	5	19	11	41	0	21.2	orig=17R|orig.time=2|orig.date=1839-05-19
1839	5	19	18	41	0	17.5	orig=14R|orig.time=9|orig.date=1839-05-19
1839	5	20	4	41	0	17.5	orig=14R|orig.time=7|orig.date=1839-05-20
1839	5	20	11	41	0	24.4	orig=19.5R|orig.time=2|orig.date=1839-05-20
1839	5	20	18	41	0	18.8	orig=15R|orig.time=9|orig.date=1839-05-20
1839	5	21	4	41	0	16.9	orig=13.5R|orig.time=7|orig.date=1839-05-21
1839	5	21	11	41	0	22.5	orig=18R|orig.time=2|orig.date=1839-05-21
1839	5	21	18	41	0	15	orig=12R|orig.time=9|orig.date=1839-05-21
1839	5	22	4	41	0	14.4	orig=11.5R|orig.time=7|orig.date=1839-05-22
1839	5	22	11	41	0	17.5	orig=14R|orig.time=2|orig.date=1839-05-22
1839	5	22	18	41	0	12.5	orig=10R|orig.time=9|orig.date=1839-05-22
1839	5	23	4	41	0	12.5	orig=10R|orig.time=7|orig.date=1839-05-23
1839	5	23	11	41	0	18.8	orig=15R|orig.time=2|orig.date=1839-05-23
1839	5	23	18	41	0	13.1	orig=10.5R|orig.time=9|orig.date=1839-05-23
1839	5	24	4	41	0	13.1	orig=10.5R|orig.time=7|orig.date=1839-05-24
1839	5	24	11	41	0	18.8	orig=15R|orig.time=2|orig.date=1839-05-24
1839	5	24	18	41	0	15	orig=12R|orig.time=9|orig.date=1839-05-24
1839	5	25	4	41	0	13.1	orig=10.5R|orig.time=7|orig.date=1839-05-25
1839	5	25	11	41	0	20.9	orig=16.75R|orig.time=2|orig.date=1839-05-25
1839	5	25	18	41	0	15.6	orig=12.5R|orig.time=9|orig.date=1839-05-25
1839	5	26	4	41	0	16.9	orig=13.5R|orig.time=7|orig.date=1839-05-26
1839	5	26	11	41	0	22.8	orig=18.25R|orig.time=2|orig.date=1839-05-26
1839	5	26	18	41	0	15	orig=12R|orig.time=9|orig.date=1839-05-26
1839	5	27	4	41	0	16.6	orig=13.25R|orig.time=7|orig.date=1839-05-27
1839	5	27	11	41	0	23.8	orig=19R|orig.time=2|orig.date=1839-05-27
1839	5	27	18	41	0	18.8	orig=15R|orig.time=9|orig.date=1839-05-27
1839	5	28	4	41	0	17.5	orig=14R|orig.time=7|orig.date=1839-05-28
1839	5	28	11	41	0	24.7	orig=19.75R|orig.time=2|orig.date=1839-05-28
1839	5	28	18	41	0	17.5	orig=14R|orig.time=9|orig.date=1839-05-28
1839	5	29	4	41	0	16.2	orig=13R|orig.time=7|orig.date=1839-05-29
1839	5	29	11	41	0	23.8	orig=19R|orig.time=2|orig.date=1839-05-29
1839	5	29	18	41	0	16.6	orig=13.25R|orig.time=9|orig.date=1839-05-29
1839	5	30	4	41	0	17.5	orig=14R|orig.time=7|orig.date=1839-05-30
1839	5	30	11	41	0	22.5	orig=18R|orig.time=2|orig.date=1839-05-30
1839	5	30	18	41	0	16.9	orig=13.5R|orig.time=9|orig.date=1839-05-30
1839	5	31	4	41	0	17.2	orig=13.75R|orig.time=7|orig.date=1839-05-31
1839	5	31	11	41	0	25	orig=20R|orig.time=2|orig.date=1839-05-31
1839	5	31	18	41	0	12.5	orig=10R|orig.time=9|orig.date=1839-05-31
1839	6	1	4	41	0	13.8	orig=11R|orig.time=7|orig.date=1839-06-01
1839	6	1	11	41	0	21.2	orig=17R|orig.time=2|orig.date=1839-06-01
1839	6	1	18	41	0	15	orig=12R|orig.time=9|orig.date=1839-06-01
1839	6	2	4	41	0	13.8	orig=11R|orig.time=7|orig.date=1839-06-02
1839	6	2	11	41	0	18.8	orig=15R|orig.time=2|orig.date=1839-06-02
1839	6	2	18	41	0	15	orig=12R|orig.time=9|orig.date=1839-06-02
1839	6	3	4	41	0	16.2	orig=13R|orig.time=7|orig.date=1839-06-03
1839	6	3	11	41	0	20	orig=16R|orig.time=2|orig.date=1839-06-03
1839	6	3	18	41	0	16.9	orig=13.5R|orig.time=9|orig.date=1839-06-03
1839	6	4	4	41	0	17.2	orig=13.75R|orig.time=7|orig.date=1839-06-04
1839	6	4	11	41	0	22.2	orig=17.75R|orig.time=2|orig.date=1839-06-04
1839	6	4	18	41	0	18.4	orig=14.75R|orig.time=9|orig.date=1839-06-04
1839	6	5	4	41	0	18.4	orig=14.75R|orig.time=7|orig.date=1839-06-05
1839	6	5	11	41	0	24.4	orig=19.5R|orig.time=2|orig.date=1839-06-05
1839	6	5	18	41	0	18.8	orig=15R|orig.time=9|orig.date=1839-06-05
1839	6	6	4	41	0	20	orig=16R|orig.time=7|orig.date=1839-06-06
1839	6	6	11	41	0	25.3	orig=20.25R|orig.time=2|orig.date=1839-06-06
1839	6	6	18	41	0	20.3	orig=16.25R|orig.time=9|orig.date=1839-06-06
1839	6	7	4	41	0	22.2	orig=17.75R|orig.time=7|orig.date=1839-06-07
1839	6	7	11	41	0	26.2	orig=21R|orig.time=2|orig.date=1839-06-07
1839	6	7	18	41	0	19.4	orig=15.5R|orig.time=9|orig.date=1839-06-07
1839	6	8	4	41	0	20.6	orig=16.5R|orig.time=7|orig.date=1839-06-08
1839	6	8	11	41	0	25.6	orig=20.5R|orig.time=2|orig.date=1839-06-08
1839	6	8	18	41	0	20	orig=16R|orig.time=9|orig.date=1839-06-08
1839	6	9	4	41	0	21.2	orig=17R|orig.time=7|orig.date=1839-06-09
1839	6	9	11	41	0	25.9	orig=20.75R|orig.time=2|orig.date=1839-06-09
1839	6	9	18	41	0	12.5	orig=10R|orig.time=9|orig.date=1839-06-09
1839	6	10	4	41	0	16.9	orig=13.5R|orig.time=7|orig.date=1839-06-10
1839	6	10	11	41	0	19.4	orig=15.5R|orig.time=2|orig.date=1839-06-10
1839	6	10	18	41	0	12.5	orig=10R|orig.time=9|orig.date=1839-06-10
1839	6	11	4	41	0	14.4	orig=11.5R|orig.time=7|orig.date=1839-06-11
1839	6	11	11	41	0	20	orig=16R|orig.time=2|orig.date=1839-06-11
1839	6	11	18	41	0	17.5	orig=14R|orig.time=9|orig.date=1839-06-11
1839	6	12	4	41	0	17.5	orig=14R|orig.time=7|orig.date=1839-06-12
1839	6	12	11	41	0	22.2	orig=17.75R|orig.time=2|orig.date=1839-06-12
1839	6	12	18	41	0	16.9	orig=13.5R|orig.time=9|orig.date=1839-06-12
1839	6	13	4	41	0	13.8	orig=11R|orig.time=7|orig.date=1839-06-13
1839	6	13	11	41	0	20	orig=16R|orig.time=2|orig.date=1839-06-13
1839	6	13	18	41	0	15	orig=12R|orig.time=9|orig.date=1839-06-13
1839	6	14	4	41	0	13.8	orig=11R|orig.time=7|orig.date=1839-06-14
1839	6	14	11	41	0	21.2	orig=17R|orig.time=2|orig.date=1839-06-14
1839	6	14	18	41	0	12.5	orig=10R|orig.time=9|orig.date=1839-06-14
1839	6	15	4	41	0	13.1	orig=10.5R|orig.time=7|orig.date=1839-06-15
1839	6	15	11	41	0	20	orig=16R|orig.time=2|orig.date=1839-06-15
1839	6	15	18	41	0	15	orig=12R|orig.time=9|orig.date=1839-06-15
1839	6	16	4	41	0	15.6	orig=12.5R|orig.time=7|orig.date=1839-06-16
1839	6	16	11	41	0	19.4	orig=15.5R|orig.time=2|orig.date=1839-06-16
1839	6	16	18	41	0	12.5	orig=10R|orig.time=9|orig.date=1839-06-16
1839	6	17	4	41	0	13.1	orig=10.5R|orig.time=7|orig.date=1839-06-17
1839	6	17	11	41	0	19.1	orig=15.25R|orig.time=2|orig.date=1839-06-17
1839	6	17	18	41	0	12.5	orig=10R|orig.time=9|orig.date=1839-06-17
1839	6	18	4	41	0	12.5	orig=10R|orig.time=7|orig.date=1839-06-18
1839	6	18	11	41	0	18.1	orig=14.5R|orig.time=2|orig.date=1839-06-18
1839	6	18	18	41	0	12.5	orig=10R|orig.time=9|orig.date=1839-06-18
1839	6	19	4	41	0	10.6	orig=8.5R|orig.time=7|orig.date=1839-06-19
1839	6	19	11	41	0	16.2	orig=13R|orig.time=2|orig.date=1839-06-19
1839	6	19	18	41	0	11.2	orig=9R|orig.time=9|orig.date=1839-06-19
1839	6	20	4	41	0	12.5	orig=10R|orig.time=7|orig.date=1839-06-20
1839	6	20	11	41	0	16.2	orig=13R|orig.time=2|orig.date=1839-06-20
1839	6	20	18	41	0	11.2	orig=9R|orig.time=9|orig.date=1839-06-20
1839	6	21	4	41	0	22.5	orig=18R|orig.time=7|orig.date=1839-06-21
1839	6	21	11	41	0	26.9	orig=21.5R|orig.time=2|orig.date=1839-06-21
1839	6	21	18	41	0	21.2	orig=17R|orig.time=9|orig.date=1839-06-21
1839	6	22	4	41	0	17.5	orig=14R|orig.time=7|orig.date=1839-06-22
1839	6	22	11	41	0	22.8	orig=18.25R|orig.time=2|orig.date=1839-06-22
1839	6	22	18	41	0	19.1	orig=15.25R|orig.time=9|orig.date=1839-06-22
1839	6	23	4	41	0	18.8	orig=15R|orig.time=7|orig.date=1839-06-23
1839	6	23	11	41	0	25	orig=20R|orig.time=2|orig.date=1839-06-23
1839	6	23	18	41	0	18.8	orig=15R|orig.time=9|orig.date=1839-06-23
1839	6	24	4	41	0	23.1	orig=18.5R|orig.time=7|orig.date=1839-06-24
1839	6	24	11	41	0	28.4	orig=22.75R|orig.time=2|orig.date=1839-06-24
1839	6	24	18	41	0	23.1	orig=18.5R|orig.time=9|orig.date=1839-06-24
1839	6	25	4	41	0	22.5	orig=18R|orig.time=7|orig.date=1839-06-25
1839	6	25	11	41	0	26.9	orig=21.5R|orig.time=2|orig.date=1839-06-25
1839	6	25	18	41	0	21.2	orig=17R|orig.time=9|orig.date=1839-06-25
1839	6	26	4	41	0	20	orig=16R|orig.time=7|orig.date=1839-06-26
1839	6	26	11	41	0	24.4	orig=19.5R|orig.time=2|orig.date=1839-06-26
1839	6	26	18	41	0	18.8	orig=15R|orig.time=9|orig.date=1839-06-26
1839	6	27	4	41	0	16.2	orig=13R|orig.time=7|orig.date=1839-06-27
1839	6	27	11	41	0	20.6	orig=16.5R|orig.time=2|orig.date=1839-06-27
1839	6	27	18	41	0	16.2	orig=13R|orig.time=9|orig.date=1839-06-27
1839	6	28	4	41	0	16.2	orig=13R|orig.time=7|orig.date=1839-06-28
1839	6	28	11	41	0	20	orig=16R|orig.time=2|orig.date=1839-06-28
1839	6	28	18	41	0	15.6	orig=12.5R|orig.time=9|orig.date=1839-06-28
1839	6	29	4	41	0	16.9	orig=13.5R|orig.time=7|orig.date=1839-06-29
1839	6	29	11	41	0	26.9	orig=21.5R|orig.time=2|orig.date=1839-06-29
1839	6	29	18	41	0	20.6	orig=16.5R|orig.time=9|orig.date=1839-06-29
1839	6	30	4	41	0	18.8	orig=15R|orig.time=7|orig.date=1839-06-30
1839	6	30	11	41	0	26.8	orig=21.45R|orig.time=2|orig.date=1839-06-30
1839	6	30	18	41	0	19.4	orig=15.5R|orig.time=9|orig.date=1839-06-30
1839	7	1	4	41	0	17.5	orig=14R|orig.time=7|orig.date=1839-07-01
1839	7	1	11	41	0	24.1	orig=19.25R|orig.time=2|orig.date=1839-07-01
1839	7	1	18	41	0	18.8	orig=15R|orig.time=9|orig.date=1839-07-01
1839	7	2	4	41	0	18.1	orig=14.5R|orig.time=7|orig.date=1839-07-02
1839	7	2	11	41	0	21.9	orig=17.5R|orig.time=2|orig.date=1839-07-02
1839	7	2	18	41	0	15	orig=12R|orig.time=9|orig.date=1839-07-02
1839	7	3	4	41	0	13.8	orig=11R|orig.time=7|orig.date=1839-07-03
1839	7	3	11	41	0	21.2	orig=17R|orig.time=2|orig.date=1839-07-03
1839	7	3	18	41	0	15	orig=12R|orig.time=9|orig.date=1839-07-03
1839	7	4	4	41	0	15	orig=12R|orig.time=7|orig.date=1839-07-04
1839	7	4	11	41	0	21.2	orig=17R|orig.time=2|orig.date=1839-07-04
1839	7	4	18	41	0	16.2	orig=13R|orig.time=9|orig.date=1839-07-04
1839	7	5	4	41	0	16.9	orig=13.5R|orig.time=7|orig.date=1839-07-05
1839	7	5	11	41	0	20.6	orig=16.5R|orig.time=2|orig.date=1839-07-05
1839	7	5	18	41	0	15	orig=12R|orig.time=9|orig.date=1839-07-05
1839	7	6	4	41	0	15.6	orig=12.5R|orig.time=7|orig.date=1839-07-06
1839	7	6	11	41	0	22.2	orig=17.75R|orig.time=2|orig.date=1839-07-06
1839	7	6	18	41	0	19.1	orig=15.25R|orig.time=9|orig.date=1839-07-06
1839	7	7	4	41	0	19.4	orig=15.5R|orig.time=7|orig.date=1839-07-07
1839	7	7	11	41	0	24.4	orig=19.5R|orig.time=2|orig.date=1839-07-07
1839	7	7	18	41	0	17.5	orig=14R|orig.time=9|orig.date=1839-07-07
1839	7	8	4	41	0	16.2	orig=13R|orig.time=7|orig.date=1839-07-08
1839	7	8	11	41	0	23.8	orig=19R|orig.time=2|orig.date=1839-07-08
1839	7	8	18	41	0	19.1	orig=15.25R|orig.time=9|orig.date=1839-07-08
1839	7	9	4	41	0	16.2	orig=13R|orig.time=7|orig.date=1839-07-09
1839	7	9	11	41	0	20.6	orig=16.5R|orig.time=2|orig.date=1839-07-09
1839	7	9	18	41	0	16.2	orig=13R|orig.time=9|orig.date=1839-07-09
1839	7	10	4	41	0	15	orig=12R|orig.time=7|orig.date=1839-07-10
1839	7	10	11	41	0	20.3	orig=16.25R|orig.time=2|orig.date=1839-07-10
1839	7	10	18	41	0	17.2	orig=13.75R|orig.time=9|orig.date=1839-07-10
1839	7	11	4	41	0	17.5	orig=14R|orig.time=7|orig.date=1839-07-11
1839	7	11	11	41	0	22.5	orig=18R|orig.time=2|orig.date=1839-07-11
1839	7	11	18	41	0	18.8	orig=15R|orig.time=9|orig.date=1839-07-11
1839	7	12	4	41	0	16.2	orig=13R|orig.time=7|orig.date=1839-07-12
1839	7	12	11	41	0	24.4	orig=19.5R|orig.time=2|orig.date=1839-07-12
1839	7	12	18	41	0	18.8	orig=15R|orig.time=9|orig.date=1839-07-12
1839	7	13	4	41	0	17.5	orig=14R|orig.time=7|orig.date=1839-07-13
1839	7	13	11	41	0	25	orig=20R|orig.time=2|orig.date=1839-07-13
1839	7	13	18	41	0	23.1	orig=18.5R|orig.time=9|orig.date=1839-07-13
1839	7	14	4	41	0	22.5	orig=18R|orig.time=7|orig.date=1839-07-14
1839	7	14	11	41	0	26.2	orig=21R|orig.time=2|orig.date=1839-07-14
1839	7	14	18	41	0	23.8	orig=19R|orig.time=9|orig.date=1839-07-14
1839	7	15	4	41	0	20.6	orig=16.5R|orig.time=7|orig.date=1839-07-15
1839	7	15	11	41	0	25	orig=20R|orig.time=2|orig.date=1839-07-15
1839	7	15	18	41	0	21.2	orig=17R|orig.time=9|orig.date=1839-07-15
1839	7	16	4	41	0	18.8	orig=15R|orig.time=7|orig.date=1839-07-16
1839	7	16	11	41	0	21.2	orig=17R|orig.time=2|orig.date=1839-07-16
1839	7	16	18	41	0	16.2	orig=13R|orig.time=9|orig.date=1839-07-16
1839	7	17	4	41	0	17.5	orig=14R|orig.time=7|orig.date=1839-07-17
1839	7	17	11	41	0	20	orig=16R|orig.time=2|orig.date=1839-07-17
1839	7	17	18	41	0	15.9	orig=12.75R|orig.time=9|orig.date=1839-07-17
1839	7	18	4	41	0	16.2	orig=13R|orig.time=7|orig.date=1839-07-18
1839	7	18	11	41	0	20	orig=16R|orig.time=2|orig.date=1839-07-18
1839	7	18	18	41	0	18.1	orig=14.5R|orig.time=9|orig.date=1839-07-18
1839	7	19	4	41	0	17.2	orig=13.75R|orig.time=7|orig.date=1839-07-19
1839	7	19	11	41	0	21.9	orig=17.5R|orig.time=2|orig.date=1839-07-19
1839	7	19	18	41	0	17.5	orig=14R|orig.time=9|orig.date=1839-07-19
1839	7	20	4	41	0	16.2	orig=13R|orig.time=7|orig.date=1839-07-20
1839	7	20	11	41	0	25.6	orig=20.5R|orig.time=2|orig.date=1839-07-20
1839	7	20	18	41	0	19.4	orig=15.5R|orig.time=9|orig.date=1839-07-20
1839	7	21	4	41	0	18.1	orig=14.5R|orig.time=7|orig.date=1839-07-21
1839	7	21	11	41	0	26.2	orig=21R|orig.time=2|orig.date=1839-07-21
1839	7	21	18	41	0	21.2	orig=17R|orig.time=9|orig.date=1839-07-21
1839	7	22	4	41	0	22.5	orig=18R|orig.time=7|orig.date=1839-07-22
1839	7	22	11	41	0	26.9	orig=21.5R|orig.time=2|orig.date=1839-07-22
1839	7	22	18	41	0	22.5	orig=18R|orig.time=9|orig.date=1839-07-22
1839	7	23	4	41	0	22.2	orig=17.75R|orig.time=7|orig.date=1839-07-23
1839	7	23	11	41	0	26.9	orig=21.5R|orig.time=2|orig.date=1839-07-23
1839	7	23	18	41	0	22.8	orig=18.25R|orig.time=9|orig.date=1839-07-23
1839	7	24	4	41	0	21.2	orig=17R|orig.time=7|orig.date=1839-07-24
1839	7	24	11	41	0	26.6	orig=21.25R|orig.time=2|orig.date=1839-07-24
1839	7	24	18	41	0	23.1	orig=18.5R|orig.time=9|orig.date=1839-07-24
1839	7	25	4	41	0	22.2	orig=17.75R|orig.time=7|orig.date=1839-07-25
1839	7	25	11	41	0	27.5	orig=22R|orig.time=2|orig.date=1839-07-25
1839	7	25	18	41	0	22.5	orig=18R|orig.time=9|orig.date=1839-07-25
1839	7	26	4	41	0	22.2	orig=17.75R|orig.time=7|orig.date=1839-07-26
1839	7	26	11	41	0	29.1	orig=23.25R|orig.time=2|orig.date=1839-07-26
1839	7	26	18	41	0	24.7	orig=19.75R|orig.time=9|orig.date=1839-07-26
1839	7	27	4	41	0	23.1	orig=18.5R|orig.time=7|orig.date=1839-07-27
1839	7	27	11	41	0	30.6	orig=24.5R|orig.time=2|orig.date=1839-07-27
1839	7	27	18	41	0	23.1	orig=18.5R|orig.time=9|orig.date=1839-07-27
1839	7	28	4	41	0	23.1	orig=18.5R|orig.time=7|orig.date=1839-07-28
1839	7	28	11	41	0	31.2	orig=25R|orig.time=2|orig.date=1839-07-28
1839	7	28	18	41	0	27.5	orig=22R|orig.time=9|orig.date=1839-07-28
1839	7	29	4	41	0	23.8	orig=19R|orig.time=7|orig.date=1839-07-29
1839	7	29	11	41	0	33.4	orig=26.75R|orig.time=2|orig.date=1839-07-29
1839	7	29	18	41	0	28.4	orig=22.75R|orig.time=9|orig.date=1839-07-29
1839	7	30	4	41	0	22.2	orig=17.75R|orig.time=7|orig.date=1839-07-30
1839	7	30	11	41	0	32.5	orig=26R|orig.time=2|orig.date=1839-07-30
1839	7	30	18	41	0	20	orig=16R|orig.time=9|orig.date=1839-07-30
1839	7	31	4	41	0	18.8	orig=15R|orig.time=7|orig.date=1839-07-31
1839	7	31	11	41	0	32.2	orig=25.75R|orig.time=2|orig.date=1839-07-31
1839	7	31	18	41	0	28.8	orig=23R|orig.time=9|orig.date=1839-07-31
1839	8	1	4	41	0	21.9	orig=17.5R|orig.time=7|orig.date=1839-08-01
1839	8	1	11	41	0	32.5	orig=26R|orig.time=2|orig.date=1839-08-01
1839	8	1	18	41	0	27.5	orig=22R|orig.time=9|orig.date=1839-08-01
1839	8	2	4	41	0	22.5	orig=18R|orig.time=7|orig.date=1839-08-02
1839	8	2	11	41	0	32.2	orig=25.75R|orig.time=2|orig.date=1839-08-02
1839	8	2	18	41	0	25	orig=20R|orig.time=9|orig.date=1839-08-02
1839	8	3	4	41	0	21.9	orig=17.5R|orig.time=7|orig.date=1839-08-03
1839	8	3	11	41	0	33.1	orig=26.5R|orig.time=2|orig.date=1839-08-03
1839	8	3	18	41	0	27.5	orig=22R|orig.time=9|orig.date=1839-08-03
1839	8	4	4	41	0	23.8	orig=19R|orig.time=7|orig.date=1839-08-04
1839	8	4	11	41	0	33.4	orig=26.75R|orig.time=2|orig.date=1839-08-04
1839	8	4	18	41	0	31.9	orig=25.5R|orig.time=9|orig.date=1839-08-04
1839	8	5	4	41	0	23.4	orig=18.75R|orig.time=7|orig.date=1839-08-05
1839	8	5	11	41	0	31.9	orig=25.5R|orig.time=2|orig.date=1839-08-05
1839	8	5	18	41	0	26.2	orig=21R|orig.time=9|orig.date=1839-08-05
1839	8	6	4	41	0	22.5	orig=18R|orig.time=7|orig.date=1839-08-06
1839	8	6	11	41	0	29.4	orig=23.5R|orig.time=2|orig.date=1839-08-06
1839	8	6	18	41	0	25.6	orig=20.5R|orig.time=9|orig.date=1839-08-06
1839	8	7	4	41	0	23.8	orig=19R|orig.time=7|orig.date=1839-08-07
1839	8	7	11	41	0	30.9	orig=24.75R|orig.time=2|orig.date=1839-08-07
1839	8	7	18	41	0	27.5	orig=22R|orig.time=9|orig.date=1839-08-07
1839	8	8	4	41	0	23.8	orig=19R|orig.time=7|orig.date=1839-08-08
1839	8	8	11	41	0	32.2	orig=25.75R|orig.time=2|orig.date=1839-08-08
1839	8	8	18	41	0	28.8	orig=23R|orig.time=9|orig.date=1839-08-08
1839	8	9	4	41	0	24.1	orig=19.25R|orig.time=7|orig.date=1839-08-09
1839	8	9	11	41	0	31.6	orig=25.25R|orig.time=2|orig.date=1839-08-09
1839	8	9	18	41	0	28.1	orig=22.5R|orig.time=9|orig.date=1839-08-09
1839	8	10	4	41	0	25	orig=20R|orig.time=7|orig.date=1839-08-10
1839	8	10	11	41	0	33.4	orig=26.75R|orig.time=2|orig.date=1839-08-10
1839	8	10	18	41	0	25.6	orig=20.5R|orig.time=9|orig.date=1839-08-10
1839	8	11	4	41	0	18.8	orig=15R|orig.time=7|orig.date=1839-08-11
1839	8	11	11	41	0	23.8	orig=19R|orig.time=2|orig.date=1839-08-11
1839	8	11	18	41	0	21.2	orig=17R|orig.time=9|orig.date=1839-08-11
1839	8	12	4	41	0	20	orig=16R|orig.time=7|orig.date=1839-08-12
1839	8	12	11	41	0	23.8	orig=19R|orig.time=2|orig.date=1839-08-12
1839	8	12	18	41	0	18.8	orig=15R|orig.time=9|orig.date=1839-08-12
1839	8	13	4	41	0	22.5	orig=18R|orig.time=7|orig.date=1839-08-13
1839	8	13	11	41	0	26.9	orig=21.5R|orig.time=2|orig.date=1839-08-13
1839	8	13	18	41	0	25	orig=20R|orig.time=9|orig.date=1839-08-13
1839	8	14	4	41	0	22.5	orig=18R|orig.time=7|orig.date=1839-08-14
1839	8	14	11	41	0	27.8	orig=22.25R|orig.time=2|orig.date=1839-08-14
1839	8	14	18	41	0	20.6	orig=16.5R|orig.time=9|orig.date=1839-08-14
1839	8	15	4	41	0	20	orig=16R|orig.time=7|orig.date=1839-08-15
1839	8	15	11	41	0	27.5	orig=22R|orig.time=2|orig.date=1839-08-15
1839	8	15	18	41	0	23.1	orig=18.5R|orig.time=9|orig.date=1839-08-15
1839	8	16	4	41	0	21.2	orig=17R|orig.time=7|orig.date=1839-08-16
1839	8	16	11	41	0	30.6	orig=24.5R|orig.time=2|orig.date=1839-08-16
1839	8	16	18	41	0	26.2	orig=21R|orig.time=9|orig.date=1839-08-16
1839	8	17	4	41	0	24.7	orig=19.75R|orig.time=7|orig.date=1839-08-17
1839	8	17	11	41	0	31.2	orig=25R|orig.time=2|orig.date=1839-08-17
1839	8	17	18	41	0	26.2	orig=21R|orig.time=9|orig.date=1839-08-17
1839	8	18	4	41	0	24.1	orig=19.25R|orig.time=7|orig.date=1839-08-18
1839	8	18	11	41	0	31.6	orig=25.25R|orig.time=2|orig.date=1839-08-18
1839	8	18	18	41	0	27.5	orig=22R|orig.time=9|orig.date=1839-08-18
1839	8	19	4	41	0	23.8	orig=19R|orig.time=7|orig.date=1839-08-19
1839	8	19	11	41	0	32.2	orig=25.75R|orig.time=2|orig.date=1839-08-19
1839	8	19	18	41	0	28.8	orig=23R|orig.time=9|orig.date=1839-08-19
1839	8	20	4	41	0	22.8	orig=18.25R|orig.time=7|orig.date=1839-08-20
1839	8	20	11	41	0	31.9	orig=25.5R|orig.time=2|orig.date=1839-08-20
1839	8	20	18	41	0	29.1	orig=23.25R|orig.time=9|orig.date=1839-08-20
1839	8	21	4	41	0	22.5	orig=18R|orig.time=7|orig.date=1839-08-21
1839	8	21	11	41	0	31.6	orig=25.25R|orig.time=2|orig.date=1839-08-21
1839	8	21	18	41	0	29.4	orig=23.5R|orig.time=9|orig.date=1839-08-21
1839	8	22	4	41	0	23.8	orig=19R|orig.time=7|orig.date=1839-08-22
1839	8	22	11	41	0	32.2	orig=25.75R|orig.time=2|orig.date=1839-08-22
1839	8	22	18	41	0	28.8	orig=23R|orig.time=9|orig.date=1839-08-22
1839	8	23	4	41	0	22.8	orig=18.25R|orig.time=7|orig.date=1839-08-23
1839	8	23	11	41	0	30.9	orig=24.75R|orig.time=2|orig.date=1839-08-23
1839	8	23	18	41	0	25	orig=20R|orig.time=9|orig.date=1839-08-23
1839	8	24	4	41	0	20	orig=16R|orig.time=7|orig.date=1839-08-24
1839	8	24	11	41	0	25	orig=20R|orig.time=2|orig.date=1839-08-24
1839	8	24	18	41	0	20	orig=16R|orig.time=9|orig.date=1839-08-24
1839	8	25	4	41	0	16.2	orig=13R|orig.time=7|orig.date=1839-08-25
1839	8	25	11	41	0	18.8	orig=15R|orig.time=2|orig.date=1839-08-25
1839	8	25	18	41	0	15	orig=12R|orig.time=9|orig.date=1839-08-25
1839	8	26	4	41	0	15	orig=12R|orig.time=7|orig.date=1839-08-26
1839	8	26	11	41	0	19.1	orig=15.25R|orig.time=2|orig.date=1839-08-26
1839	8	26	18	41	0	14.4	orig=11.5R|orig.time=9|orig.date=1839-08-26
1839	8	27	4	41	0	16.2	orig=13R|orig.time=7|orig.date=1839-08-27
1839	8	27	11	41	0	20.6	orig=16.5R|orig.time=2|orig.date=1839-08-27
1839	8	27	18	41	0	16.6	orig=13.25R|orig.time=9|orig.date=1839-08-27
1839	8	28	4	41	0	17.5	orig=14R|orig.time=7|orig.date=1839-08-28
1839	8	28	11	41	0	23.8	orig=19R|orig.time=2|orig.date=1839-08-28
1839	8	28	18	41	0	18.8	orig=15R|orig.time=9|orig.date=1839-08-28
1839	8	29	4	41	0	16.9	orig=13.5R|orig.time=7|orig.date=1839-08-29
1839	8	29	11	41	0	25	orig=20R|orig.time=2|orig.date=1839-08-29
1839	8	29	18	41	0	24.4	orig=19.5R|orig.time=9|orig.date=1839-08-29
1839	8	30	4	41	0	19.4	orig=15.5R|orig.time=7|orig.date=1839-08-30
1839	8	30	11	41	0	27.2	orig=21.75R|orig.time=2|orig.date=1839-08-30
1839	8	30	18	41	0	21.2	orig=17R|orig.time=9|orig.date=1839-08-30
1839	8	31	4	41	0	17.5	orig=14R|orig.time=7|orig.date=1839-08-31
1839	8	31	11	41	0	25	orig=20R|orig.time=2|orig.date=1839-08-31
1839	8	31	18	41	0	18.8	orig=15R|orig.time=9|orig.date=1839-08-31
1839	9	1	4	41	0	17.8	orig=14.25R|orig.time=7|orig.date=1839-09-01
1839	9	1	11	41	0	24.7	orig=19.75R|orig.time=2|orig.date=1839-09-01
1839	9	1	18	41	0	21.2	orig=17R|orig.time=9|orig.date=1839-09-01
1839	9	2	4	41	0	19.1	orig=15.25R|orig.time=7|orig.date=1839-09-02
1839	9	2	11	41	0	23.8	orig=19R|orig.time=2|orig.date=1839-09-02
1839	9	2	18	41	0	23.4	orig=18.75R|orig.time=9|orig.date=1839-09-02
1839	9	3	4	41	0	20.3	orig=16.25R|orig.time=7|orig.date=1839-09-03
1839	9	3	11	41	0	25	orig=20R|orig.time=2|orig.date=1839-09-03
1839	9	3	18	41	0	17.5	orig=14R|orig.time=9|orig.date=1839-09-03
1839	9	4	4	41	0	17.2	orig=13.75R|orig.time=7|orig.date=1839-09-04
1839	9	4	11	41	0	25.6	orig=20.5R|orig.time=2|orig.date=1839-09-04
1839	9	4	18	41	0	18.8	orig=15R|orig.time=9|orig.date=1839-09-04
1839	9	5	4	41	0	16.6	orig=13.25R|orig.time=7|orig.date=1839-09-05
1839	9	5	11	41	0	25.3	orig=20.25R|orig.time=2|orig.date=1839-09-05
1839	9	5	18	41	0	18.8	orig=15R|orig.time=9|orig.date=1839-09-05
1839	9	6	4	41	0	16.2	orig=13R|orig.time=7|orig.date=1839-09-06
1839	9	6	11	41	0	23.4	orig=18.75R|orig.time=2|orig.date=1839-09-06
1839	9	6	18	41	0	16.6	orig=13.25R|orig.time=9|orig.date=1839-09-06
1839	9	7	4	41	0	16.2	orig=13R|orig.time=7|orig.date=1839-09-07
1839	9	7	11	41	0	21.2	orig=17R|orig.time=2|orig.date=1839-09-07
1839	9	7	18	41	0	15	orig=12R|orig.time=9|orig.date=1839-09-07
1839	9	8	4	41	0	12.5	orig=10R|orig.time=7|orig.date=1839-09-08
1839	9	8	11	41	0	17.5	orig=14R|orig.time=2|orig.date=1839-09-08
1839	9	8	18	41	0	14.4	orig=11.5R|orig.time=9|orig.date=1839-09-08
1839	9	9	4	41	0	12.5	orig=10R|orig.time=7|orig.date=1839-09-09
1839	9	9	11	41	0	18.8	orig=15R|orig.time=2|orig.date=1839-09-09
1839	9	9	18	41	0	15	orig=12R|orig.time=9|orig.date=1839-09-09
1839	9	10	4	41	0	13.8	orig=11R|orig.time=7|orig.date=1839-09-10
1839	9	10	11	41	0	17.5	orig=14R|orig.time=2|orig.date=1839-09-10
1839	9	10	18	41	0	15	orig=12R|orig.time=9|orig.date=1839-09-10
1839	9	11	4	41	0	15	orig=12R|orig.time=7|orig.date=1839-09-11
1839	9	11	11	41	0	19.7	orig=15.75R|orig.time=2|orig.date=1839-09-11
1839	9	11	18	41	0	15.3	orig=12.25R|orig.time=9|orig.date=1839-09-11
1839	9	12	4	41	0	12.5	orig=10R|orig.time=7|orig.date=1839-09-12
1839	9	12	11	41	0	17.5	orig=14R|orig.time=2|orig.date=1839-09-12
1839	9	12	18	41	0	13.8	orig=11R|orig.time=9|orig.date=1839-09-12
1839	9	13	4	41	0	13.8	orig=11R|orig.time=7|orig.date=1839-09-13
1839	9	13	11	41	0	18.1	orig=14.5R|orig.time=2|orig.date=1839-09-13
1839	9	13	18	41	0	12.5	orig=10R|orig.time=9|orig.date=1839-09-13
1839	9	14	4	41	0	14.7	orig=11.75R|orig.time=7|orig.date=1839-09-14
1839	9	14	11	41	0	24.4	orig=19.5R|orig.time=2|orig.date=1839-09-14
1839	9	14	18	41	0	11.2	orig=9R|orig.time=9|orig.date=1839-09-14
1839	9	15	4	41	0	15	orig=12R|orig.time=7|orig.date=1839-09-15
1839	9	15	11	41	0	21.2	orig=17R|orig.time=2|orig.date=1839-09-15
1839	9	15	18	41	0	12.5	orig=10R|orig.time=9|orig.date=1839-09-15
1839	9	16	4	41	0	14.7	orig=11.75R|orig.time=7|orig.date=1839-09-16
1839	9	16	11	41	0	22.5	orig=18R|orig.time=2|orig.date=1839-09-16
1839	9	16	18	41	0	13.1	orig=10.5R|orig.time=9|orig.date=1839-09-16
1839	9	17	4	41	0	13.4	orig=10.75R|orig.time=7|orig.date=1839-09-17
1839	9	17	11	41	0	22.2	orig=17.75R|orig.time=2|orig.date=1839-09-17
1839	9	17	18	41	0	12.5	orig=10R|orig.time=9|orig.date=1839-09-17
1839	9	18	4	41	0	13.8	orig=11R|orig.time=7|orig.date=1839-09-18
1839	9	18	11	41	0	23.8	orig=19R|orig.time=2|orig.date=1839-09-18
1839	9	18	18	41	0	12.5	orig=10R|orig.time=9|orig.date=1839-09-18
1839	9	19	4	41	0	15.3	orig=12.25R|orig.time=7|orig.date=1839-09-19
1839	9	19	11	41	0	24.1	orig=19.25R|orig.time=2|orig.date=1839-09-19
1839	9	19	18	41	0	13.8	orig=11R|orig.time=9|orig.date=1839-09-19
1839	9	20	4	41	0	12.5	orig=10R|orig.time=7|orig.date=1839-09-20
1839	9	20	11	41	0	20	orig=16R|orig.time=2|orig.date=1839-09-20
1839	9	20	18	41	0	12.5	orig=10R|orig.time=9|orig.date=1839-09-20
1839	9	21	4	41	0	10	orig=8R|orig.time=7|orig.date=1839-09-21
1839	9	21	11	41	0	15	orig=12R|orig.time=2|orig.date=1839-09-21
1839	9	21	18	41	0	10	orig=8R|orig.time=9|orig.date=1839-09-21
1839	9	22	4	41	0	8.8	orig=7R|orig.time=7|orig.date=1839-09-22
1839	9	22	11	41	0	13.1	orig=10.5R|orig.time=2|orig.date=1839-09-22
1839	9	22	18	41	0	9.4	orig=7.5R|orig.time=9|orig.date=1839-09-22
1839	9	23	4	41	0	6.2	orig=5R|orig.time=7|orig.date=1839-09-23
1839	9	23	11	41	0	12.5	orig=10R|orig.time=2|orig.date=1839-09-23
1839	9	23	18	41	0	12.5	orig=10R|orig.time=9|orig.date=1839-09-23
1839	9	24	4	41	0	5	orig=4R|orig.time=7|orig.date=1839-09-24
1839	9	24	11	41	0	12.8	orig=10.25R|orig.time=2|orig.date=1839-09-24
1839	9	24	18	41	0	7.8	orig=6.25R|orig.time=9|orig.date=1839-09-24
1839	9	25	4	41	0	6.2	orig=5R|orig.time=7|orig.date=1839-09-25
1839	9	25	11	41	0	12.5	orig=10R|orig.time=2|orig.date=1839-09-25
1839	9	25	18	41	0	8.8	orig=7R|orig.time=9|orig.date=1839-09-25
1839	9	26	4	41	0	3.8	orig=3R|orig.time=7|orig.date=1839-09-26
1839	9	26	11	41	0	13.8	orig=11R|orig.time=2|orig.date=1839-09-26
1839	9	26	18	41	0	10	orig=8R|orig.time=9|orig.date=1839-09-26
1839	9	27	4	41	0	3.1	orig=2.5R|orig.time=7|orig.date=1839-09-27
1839	9	27	11	41	0	14.1	orig=11.25R|orig.time=2|orig.date=1839-09-27
1839	9	27	18	41	0	7.5	orig=6R|orig.time=9|orig.date=1839-09-27
1839	9	28	4	41	0	4.7	orig=3.75R|orig.time=7|orig.date=1839-09-28
1839	9	28	11	41	0	11.2	orig=9R|orig.time=2|orig.date=1839-09-28
1839	9	28	18	41	0	7.5	orig=6R|orig.time=9|orig.date=1839-09-28
1839	9	29	4	41	0	5	orig=4R|orig.time=7|orig.date=1839-09-29
1839	9	29	11	41	0	10	orig=8R|orig.time=2|orig.date=1839-09-29
1839	9	29	18	41	0	6.2	orig=5R|orig.time=9|orig.date=1839-09-29
1839	9	30	4	41	0	2.8	orig=2.25R|orig.time=7|orig.date=1839-09-30
1839	9	30	11	41	0	9.7	orig=7.75R|orig.time=2|orig.date=1839-09-30
1839	9	30	18	41	0	5	orig=4R|orig.time=9|orig.date=1839-09-30
1839	10	1	4	41	0	3.8	orig=3R|orig.time=7|orig.date=1839-10-01
1839	10	1	11	41	0	11.2	orig=9R|orig.time=2|orig.date=1839-10-01
1839	10	1	18	41	0	7.5	orig=6R|orig.time=9|orig.date=1839-10-01
1839	10	2	4	41	0	4.7	orig=3.75R|orig.time=7|orig.date=1839-10-02
1839	10	2	11	41	0	12.8	orig=10.25R|orig.time=2|orig.date=1839-10-02
1839	10	2	18	41	0	9.4	orig=7.5R|orig.time=9|orig.date=1839-10-02
1839	10	3	4	41	0	1.2	orig=1R|orig.time=7|orig.date=1839-10-03
1839	10	3	11	41	0	13.8	orig=11R|orig.time=2|orig.date=1839-10-03
1839	10	3	18	41	0	7.5	orig=6R|orig.time=9|orig.date=1839-10-03
1839	10	4	4	41	0	0.9	orig=0.75R|orig.time=7|orig.date=1839-10-04
1839	10	4	11	41	0	14.1	orig=11.25R|orig.time=2|orig.date=1839-10-04
1839	10	4	18	41	0	10	orig=8R|orig.time=9|orig.date=1839-10-04
1839	10	5	4	41	0	6.2	orig=5R|orig.time=7|orig.date=1839-10-05
1839	10	5	11	41	0	13.4	orig=10.75R|orig.time=2|orig.date=1839-10-05
1839	10	5	18	41	0	6.9	orig=5.5R|orig.time=9|orig.date=1839-10-05
1839	10	6	4	41	0	1.9	orig=1.5R|orig.time=7|orig.date=1839-10-06
1839	10	6	11	41	0	12.5	orig=10R|orig.time=2|orig.date=1839-10-06
1839	10	6	18	41	0	7.5	orig=6R|orig.time=9|orig.date=1839-10-06
1839	10	7	4	41	0	4.4	orig=3.5R|orig.time=7|orig.date=1839-10-07
1839	10	7	11	41	0	14.1	orig=11.25R|orig.time=2|orig.date=1839-10-07
1839	10	7	18	41	0	8.1	orig=6.5R|orig.time=9|orig.date=1839-10-07
1839	10	8	4	41	0	5	orig=4R|orig.time=7|orig.date=1839-10-08
1839	10	8	11	41	0	14.4	orig=11.5R|orig.time=2|orig.date=1839-10-08
1839	10	8	18	41	0	8.8	orig=7R|orig.time=9|orig.date=1839-10-08
1839	10	9	4	41	0	5.3	orig=4.25R|orig.time=7|orig.date=1839-10-09
1839	10	9	11	41	0	17.5	orig=14R|orig.time=2|orig.date=1839-10-09
1839	10	9	18	41	0	7.8	orig=6.25R|orig.time=9|orig.date=1839-10-09
1839	10	10	4	41	0	4.7	orig=3.75R|orig.time=7|orig.date=1839-10-10
1839	10	10	11	41	0	14.4	orig=11.5R|orig.time=2|orig.date=1839-10-10
1839	10	10	18	41	0	7.2	orig=5.75R|orig.time=9|orig.date=1839-10-10
1839	10	11	4	41	0	6.2	orig=5R|orig.time=7|orig.date=1839-10-11
1839	10	11	11	41	0	15	orig=12R|orig.time=2|orig.date=1839-10-11
1839	10	11	18	41	0	7.5	orig=6R|orig.time=9|orig.date=1839-10-11
1839	10	12	4	41	0	5.9	orig=4.75R|orig.time=7|orig.date=1839-10-12
1839	10	12	11	41	0	14.4	orig=11.5R|orig.time=2|orig.date=1839-10-12
1839	10	12	18	41	0	7.2	orig=5.75R|orig.time=9|orig.date=1839-10-12
1839	10	13	4	41	0	8.1	orig=6.5R|orig.time=7|orig.date=1839-10-13
1839	10	13	11	41	0	13.4	orig=10.75R|orig.time=2|orig.date=1839-10-13
1839	10	13	18	41	0	7.5	orig=6R|orig.time=9|orig.date=1839-10-13
1839	10	14	4	41	0	5.3	orig=4.25R|orig.time=7|orig.date=1839-10-14
1839	10	14	11	41	0	12.5	orig=10R|orig.time=2|orig.date=1839-10-14
1839	10	14	18	41	0	5	orig=4R|orig.time=9|orig.date=1839-10-14
1839	10	15	4	41	0	4.4	orig=3.5R|orig.time=7|orig.date=1839-10-15
1839	10	15	11	41	0	11.6	orig=9.25R|orig.time=2|orig.date=1839-10-15
1839	10	15	18	41	0	4.4	orig=3.5R|orig.time=9|orig.date=1839-10-15
1839	10	16	4	41	0	2.5	orig=2R|orig.time=7|orig.date=1839-10-16
1839	10	16	11	41	0	12.5	orig=10R|orig.time=2|orig.date=1839-10-16
1839	10	16	18	41	0	3.4	orig=2.75R|orig.time=9|orig.date=1839-10-16
1839	10	17	4	41	0	0	orig=0R|orig.time=7|orig.date=1839-10-17
1839	10	17	11	41	0	12.8	orig=10.25R|orig.time=2|orig.date=1839-10-17
1839	10	17	18	41	0	5	orig=4R|orig.time=9|orig.date=1839-10-17
1839	10	18	4	41	0	3.8	orig=3R|orig.time=7|orig.date=1839-10-18
1839	10	18	11	41	0	13.4	orig=10.75R|orig.time=2|orig.date=1839-10-18
1839	10	18	18	41	0	8.8	orig=7R|orig.time=9|orig.date=1839-10-18
1839	10	19	4	41	0	1.8	orig=1.45R|orig.time=7|orig.date=1839-10-19
1839	10	19	11	41	0	12.5	orig=10R|orig.time=2|orig.date=1839-10-19
1839	10	19	18	41	0	8.4	orig=6.75R|orig.time=9|orig.date=1839-10-19
1839	10	20	4	41	0	3.1	orig=2.5R|orig.time=7|orig.date=1839-10-20
1839	10	20	11	41	0	13.8	orig=11R|orig.time=2|orig.date=1839-10-20
1839	10	20	18	41	0	5.6	orig=4.5R|orig.time=9|orig.date=1839-10-20
1839	10	21	4	41	0	2.5	orig=2R|orig.time=7|orig.date=1839-10-21
1839	10	21	11	41	0	11.2	orig=9R|orig.time=2|orig.date=1839-10-21
1839	10	21	18	41	0	3.8	orig=3R|orig.time=9|orig.date=1839-10-21
1839	10	22	4	41	0	3.1	orig=2.5R|orig.time=7|orig.date=1839-10-22
1839	10	22	11	41	0	4.7	orig=3.75R|orig.time=2|orig.date=1839-10-22
1839	10	22	18	41	0	3.8	orig=3R|orig.time=9|orig.date=1839-10-22
1839	10	23	4	41	0	2.8	orig=2.25R|orig.time=7|orig.date=1839-10-23
1839	10	23	11	41	0	4.7	orig=3.75R|orig.time=2|orig.date=1839-10-23
1839	10	23	18	41	0	3.8	orig=3R|orig.time=9|orig.date=1839-10-23
1839	10	24	4	41	0	0	orig=0R|orig.time=7|orig.date=1839-10-24
1839	10	24	11	41	0	5	orig=4R|orig.time=2|orig.date=1839-10-24
1839	10	24	18	41	0	0	orig=0R|orig.time=9|orig.date=1839-10-24
1839	10	25	4	41	0	2.5	orig=2R|orig.time=7|orig.date=1839-10-25
1839	10	25	11	41	0	2.5	orig=2R|orig.time=2|orig.date=1839-10-25
1839	10	25	18	41	0	0.6	orig=0.5R|orig.time=9|orig.date=1839-10-25
1839	10	26	4	41	0	0	orig=0R|orig.time=7|orig.date=1839-10-26
1839	10	26	11	41	0	3.8	orig=3R|orig.time=2|orig.date=1839-10-26
1839	10	26	18	41	0	2.5	orig=2R|orig.time=9|orig.date=1839-10-26
1839	10	27	4	41	0	2.5	orig=2R|orig.time=7|orig.date=1839-10-27
1839	10	27	11	41	0	5.6	orig=4.5R|orig.time=2|orig.date=1839-10-27
1839	10	27	18	41	0	5	orig=4R|orig.time=9|orig.date=1839-10-27
1839	10	28	4	41	0	2.8	orig=2.25R|orig.time=7|orig.date=1839-10-28
1839	10	28	11	41	0	5.9	orig=4.75R|orig.time=2|orig.date=1839-10-28
1839	10	28	18	41	0	1.2	orig=1R|orig.time=9|orig.date=1839-10-28
1839	10	29	4	41	0	-2.8	orig=-2.25R|orig.time=7|orig.date=1839-10-29
1839	10	29	11	41	0	5.9	orig=4.75R|orig.time=2|orig.date=1839-10-29
1839	10	29	18	41	0	-1.2	orig=-1R|orig.time=9|orig.date=1839-10-29
1839	10	30	4	41	0	-3.8	orig=-3R|orig.time=7|orig.date=1839-10-30
1839	10	30	11	41	0	-1.2	orig=-1R|orig.time=2|orig.date=1839-10-30
1839	10	30	18	41	0	-2.5	orig=-2R|orig.time=9|orig.date=1839-10-30
1839	10	31	4	41	0	-7.5	orig=-6R|orig.time=7|orig.date=1839-10-31
1839	10	31	11	41	0	-2.5	orig=-2R|orig.time=2|orig.date=1839-10-31
1839	10	31	18	41	0	-5	orig=-4R|orig.time=9|orig.date=1839-10-31
1839	11	1	4	41	0	-6.6	orig=-5.25R|orig.time=7|orig.date=1839-11-01
1839	11	1	11	41	0	-1.9	orig=-1.5R|orig.time=2|orig.date=1839-11-01
1839	11	1	18	41	0	-2.5	orig=-2R|orig.time=9|orig.date=1839-11-01
1839	11	2	4	41	0	-4.4	orig=-3.5R|orig.time=7|orig.date=1839-11-02
1839	11	2	11	41	0	0	orig=0R|orig.time=2|orig.date=1839-11-02
1839	11	2	18	41	0	-1.9	orig=-1.5R|orig.time=9|orig.date=1839-11-02
1839	11	3	4	41	0	4.4	orig=3.5R|orig.time=7|orig.date=1839-11-03
1839	11	3	11	41	0	0.6	orig=0.5R|orig.time=2|orig.date=1839-11-03
1839	11	3	18	41	0	0	orig=0R|orig.time=9|orig.date=1839-11-03
1839	11	4	4	41	0	-0.3	orig=-0.25R|orig.time=7|orig.date=1839-11-04
1839	11	4	11	41	0	1.6	orig=1.25R|orig.time=2|orig.date=1839-11-04
1839	11	4	18	41	0	0	orig=0R|orig.time=9|orig.date=1839-11-04
1839	11	5	4	41	0	0	orig=0R|orig.time=7|orig.date=1839-11-05
1839	11	5	11	41	0	2.5	orig=2R|orig.time=2|orig.date=1839-11-05
1839	11	5	18	41	0	-2.5	orig=-2R|orig.time=9|orig.date=1839-11-05
1839	11	6	4	41	0	5.9	orig=4.75R|orig.time=7|orig.date=1839-11-06
1839	11	6	11	41	0	9.7	orig=7.75R|orig.time=2|orig.date=1839-11-06
1839	11	6	18	41	0	6.2	orig=5R|orig.time=9|orig.date=1839-11-06
1839	11	7	4	41	0	7.5	orig=6R|orig.time=7|orig.date=1839-11-07
1839	11	7	11	41	0	9.4	orig=7.5R|orig.time=2|orig.date=1839-11-07
1839	11	7	18	41	0	5.6	orig=4.5R|orig.time=9|orig.date=1839-11-07
1839	11	8	4	41	0	6.2	orig=5R|orig.time=7|orig.date=1839-11-08
1839	11	8	11	41	0	8.4	orig=6.75R|orig.time=2|orig.date=1839-11-08
1839	11	8	18	41	0	4.7	orig=3.75R|orig.time=9|orig.date=1839-11-08
1839	11	9	4	41	0	0	orig=0R|orig.time=7|orig.date=1839-11-09
1839	11	9	11	41	0	0.9	orig=0.75R|orig.time=2|orig.date=1839-11-09
1839	11	9	18	41	0	-3.8	orig=-3R|orig.time=9|orig.date=1839-11-09
1839	11	10	4	41	0	-7.8	orig=-6.25R|orig.time=7|orig.date=1839-11-10
1839	11	10	11	41	0	-3.1	orig=-2.5R|orig.time=2|orig.date=1839-11-10
1839	11	10	18	41	0	-3.8	orig=-3R|orig.time=9|orig.date=1839-11-10
1839	11	11	4	41	0	-3.1	orig=-2.5R|orig.time=7|orig.date=1839-11-11
1839	11	11	11	41	0	0	orig=0R|orig.time=2|orig.date=1839-11-11
1839	11	11	18	41	0	0	orig=0R|orig.time=9|orig.date=1839-11-11
1839	11	12	4	41	0	2.5	orig=2R|orig.time=7|orig.date=1839-11-12
1839	11	12	11	41	0	3.1	orig=2.5R|orig.time=2|orig.date=1839-11-12
1839	11	12	18	41	0	2.5	orig=2R|orig.time=9|orig.date=1839-11-12
1839	11	13	4	41	0	2.5	orig=2R|orig.time=7|orig.date=1839-11-13
1839	11	13	11	41	0	5.6	orig=4.5R|orig.time=2|orig.date=1839-11-13
1839	11	13	18	41	0	3.8	orig=3R|orig.time=9|orig.date=1839-11-13
1839	11	14	4	41	0	3.1	orig=2.5R|orig.time=7|orig.date=1839-11-14
1839	11	14	11	41	0	3.8	orig=3R|orig.time=2|orig.date=1839-11-14
1839	11	14	18	41	0	6.2	orig=5R|orig.time=9|orig.date=1839-11-14
1839	11	15	4	41	0	4.4	orig=3.5R|orig.time=7|orig.date=1839-11-15
1839	11	15	11	41	0	6.6	orig=5.25R|orig.time=2|orig.date=1839-11-15
1839	11	15	18	41	0	2.5	orig=2R|orig.time=9|orig.date=1839-11-15
1839	11	16	4	41	0	4.7	orig=3.75R|orig.time=7|orig.date=1839-11-16
1839	11	16	11	41	0	6.2	orig=5R|orig.time=2|orig.date=1839-11-16
1839	11	16	18	41	0	-2.5	orig=-2R|orig.time=9|orig.date=1839-11-16
1839	11	17	4	41	0	0	orig=0R|orig.time=7|orig.date=1839-11-17
1839	11	17	11	41	0	-1.9	orig=-1.5R|orig.time=2|orig.date=1839-11-17
1839	11	17	18	41	0	-2.5	orig=-2R|orig.time=9|orig.date=1839-11-17
1839	11	18	4	41	0	-3.8	orig=-3R|orig.time=7|orig.date=1839-11-18
1839	11	18	11	41	0	-5	orig=-4R|orig.time=2|orig.date=1839-11-18
1839	11	18	18	41	0	-6.2	orig=-5R|orig.time=9|orig.date=1839-11-18
1839	11	19	4	41	0	-7.5	orig=-6R|orig.time=7|orig.date=1839-11-19
1839	11	19	11	41	0	-5	orig=-4R|orig.time=2|orig.date=1839-11-19
1839	11	19	18	41	0	-5	orig=-4R|orig.time=9|orig.date=1839-11-19
1839	11	20	4	41	0	-0.6	orig=-0.5R|orig.time=7|orig.date=1839-11-20
1839	11	20	11	41	0	0	orig=0R|orig.time=2|orig.date=1839-11-20
1839	11	20	18	41	0	-0.9	orig=-0.75R|orig.time=9|orig.date=1839-11-20
1839	11	21	4	41	0	-1.2	orig=-1R|orig.time=7|orig.date=1839-11-21
1839	11	21	11	41	0	0	orig=0R|orig.time=2|orig.date=1839-11-21
1839	11	21	18	41	0	0	orig=0R|orig.time=9|orig.date=1839-11-21
1839	11	22	4	41	0	0	orig=0R|orig.time=7|orig.date=1839-11-22
1839	11	22	11	41	0	1.2	orig=1R|orig.time=2|orig.date=1839-11-22
1839	11	22	18	41	0	0.3	orig=0.25R|orig.time=9|orig.date=1839-11-22
1839	11	23	4	41	0	0	orig=0R|orig.time=7|orig.date=1839-11-23
1839	11	23	11	41	0	1.2	orig=1R|orig.time=2|orig.date=1839-11-23
1839	11	23	18	41	0	0.6	orig=0.5R|orig.time=9|orig.date=1839-11-23
1839	11	24	4	41	0	1.2	orig=1R|orig.time=7|orig.date=1839-11-24
1839	11	24	11	41	0	1.2	orig=1R|orig.time=2|orig.date=1839-11-24
1839	11	24	18	41	0	1.2	orig=1R|orig.time=9|orig.date=1839-11-24
1839	11	25	4	41	0	8.4	orig=6.75R|orig.time=7|orig.date=1839-11-25
1839	11	25	11	41	0	9.4	orig=7.5R|orig.time=2|orig.date=1839-11-25
1839	11	25	18	41	0	3.8	orig=3R|orig.time=9|orig.date=1839-11-25
1839	11	26	4	41	0	0	orig=0R|orig.time=7|orig.date=1839-11-26
1839	11	26	11	41	0	3.4	orig=2.75R|orig.time=2|orig.date=1839-11-26
1839	11	26	18	41	0	0	orig=0R|orig.time=9|orig.date=1839-11-26
1839	11	27	4	41	0	0	orig=0R|orig.time=7|orig.date=1839-11-27
1839	11	27	11	41	0	1.9	orig=1.5R|orig.time=2|orig.date=1839-11-27
1839	11	27	18	41	0	0.6	orig=0.5R|orig.time=9|orig.date=1839-11-27
1839	11	28	4	41	0	0.9	orig=0.75R|orig.time=7|orig.date=1839-11-28
1839	11	28	11	41	0	5	orig=4R|orig.time=2|orig.date=1839-11-28
1839	11	28	18	41	0	2.5	orig=2R|orig.time=9|orig.date=1839-11-28
1839	11	29	4	41	0	7.5	orig=6R|orig.time=7|orig.date=1839-11-29
1839	11	29	11	41	0	7.5	orig=6R|orig.time=2|orig.date=1839-11-29
1839	11	29	18	41	0	6.2	orig=5R|orig.time=9|orig.date=1839-11-29
1839	11	30	4	41	0	4.4	orig=3.5R|orig.time=7|orig.date=1839-11-30
1839	11	30	11	41	0	6.2	orig=5R|orig.time=2|orig.date=1839-11-30
1839	11	30	18	41	0	5	orig=4R|orig.time=9|orig.date=1839-11-30
1839	12	1	4	41	0	4.7	orig=3.75R|orig.time=7|orig.date=1839-12-01
1839	12	1	11	41	0	4.7	orig=3.75R|orig.time=2|orig.date=1839-12-01
1839	12	1	18	41	0	2.5	orig=2R|orig.time=9|orig.date=1839-12-01
1839	12	2	4	41	0	5	orig=4R|orig.time=7|orig.date=1839-12-02
1839	12	2	11	41	0	0	orig=0R|orig.time=2|orig.date=1839-12-02
1839	12	2	18	41	0	-2.5	orig=-2R|orig.time=9|orig.date=1839-12-02
1839	12	3	4	41	0	-1.2	orig=-1R|orig.time=7|orig.date=1839-12-03
1839	12	3	11	41	0	-7.5	orig=-6R|orig.time=2|orig.date=1839-12-03
1839	12	3	18	41	0	-10	orig=-8R|orig.time=9|orig.date=1839-12-03
1839	12	4	4	41	0	-16.9	orig=-13.5R|orig.time=7|orig.date=1839-12-04
1839	12	4	11	41	0	-15	orig=-12R|orig.time=2|orig.date=1839-12-04
1839	12	4	18	41	0	-15.9	orig=-12.75R|orig.time=9|orig.date=1839-12-04
1839	12	5	4	41	0	-16.6	orig=-13.25R|orig.time=7|orig.date=1839-12-05
1839	12	5	11	41	0	-12.5	orig=-10R|orig.time=2|orig.date=1839-12-05
1839	12	5	18	41	0	-12.5	orig=-10R|orig.time=9|orig.date=1839-12-05
1839	12	6	4	41	0	-11.2	orig=-9R|orig.time=7|orig.date=1839-12-06
1839	12	6	11	41	0	-6.2	orig=-5R|orig.time=2|orig.date=1839-12-06
1839	12	6	18	41	0	-8.8	orig=-7R|orig.time=9|orig.date=1839-12-06
1839	12	7	4	41	0	-12.5	orig=-10R|orig.time=7|orig.date=1839-12-07
1839	12	7	11	41	0	-6.6	orig=-5.25R|orig.time=2|orig.date=1839-12-07
1839	12	7	18	41	0	-9.4	orig=-7.5R|orig.time=9|orig.date=1839-12-07
1839	12	8	4	41	0	-12.5	orig=-10R|orig.time=7|orig.date=1839-12-08
1839	12	8	11	41	0	-8.8	orig=-7R|orig.time=2|orig.date=1839-12-08
1839	12	8	18	41	0	-10.6	orig=-8.5R|orig.time=9|orig.date=1839-12-08
1839	12	9	4	41	0	-12.5	orig=-10R|orig.time=7|orig.date=1839-12-09
1839	12	9	11	41	0	-4.1	orig=-3.25R|orig.time=2|orig.date=1839-12-09
1839	12	9	18	41	0	-6.6	orig=-5.25R|orig.time=9|orig.date=1839-12-09
1839	12	10	4	41	0	-8.8	orig=-7R|orig.time=7|orig.date=1839-12-10
1839	12	10	11	41	0	-6.2	orig=-5R|orig.time=2|orig.date=1839-12-10
1839	12	10	18	41	0	-6.2	orig=-5R|orig.time=9|orig.date=1839-12-10
1839	12	11	4	41	0	-7.5	orig=-6R|orig.time=7|orig.date=1839-12-11
1839	12	11	11	41	0	-5	orig=-4R|orig.time=2|orig.date=1839-12-11
1839	12	11	18	41	0	-6.2	orig=-5R|orig.time=9|orig.date=1839-12-11
1839	12	12	4	41	0	-6.6	orig=-5.25R|orig.time=7|orig.date=1839-12-12
1839	12	12	11	41	0	-3.4	orig=-2.75R|orig.time=2|orig.date=1839-12-12
1839	12	12	18	41	0	-3.8	orig=-3R|orig.time=9|orig.date=1839-12-12
1839	12	13	4	41	0	-5.6	orig=-4.5R|orig.time=7|orig.date=1839-12-13
1839	12	13	11	41	0	-3.1	orig=-2.5R|orig.time=2|orig.date=1839-12-13
1839	12	13	18	41	0	-3.8	orig=-3R|orig.time=9|orig.date=1839-12-13
1839	12	14	4	41	0	-5	orig=-4R|orig.time=7|orig.date=1839-12-14
1839	12	14	11	41	0	-2.5	orig=-2R|orig.time=2|orig.date=1839-12-14
1839	12	14	18	41	0	-3.1	orig=-2.5R|orig.time=9|orig.date=1839-12-14
1839	12	15	4	41	0	-4.7	orig=-3.75R|orig.time=7|orig.date=1839-12-15
1839	12	15	11	41	0	-3.8	orig=-3R|orig.time=2|orig.date=1839-12-15
1839	12	15	18	41	0	-3.8	orig=-3R|orig.time=9|orig.date=1839-12-15
1839	12	16	4	41	0	-4.4	orig=-3.5R|orig.time=7|orig.date=1839-12-16
1839	12	16	11	41	0	-4.4	orig=-3.5R|orig.time=2|orig.date=1839-12-16
1839	12	16	18	41	0	-6.2	orig=-5R|orig.time=9|orig.date=1839-12-16
1839	12	17	4	41	0	-5.3	orig=-4.25R|orig.time=7|orig.date=1839-12-17
1839	12	17	11	41	0	-5	orig=-4R|orig.time=2|orig.date=1839-12-17
1839	12	17	18	41	0	-6.2	orig=-5R|orig.time=9|orig.date=1839-12-17
1839	12	18	4	41	0	-11.2	orig=-9R|orig.time=7|orig.date=1839-12-18
1839	12	18	11	41	0	-11.2	orig=-9R|orig.time=2|orig.date=1839-12-18
1839	12	18	18	41	0	-12.2	orig=-9.75R|orig.time=9|orig.date=1839-12-18
1839	12	19	4	41	0	-15	orig=-12R|orig.time=7|orig.date=1839-12-19
1839	12	19	11	41	0	-13.8	orig=-11R|orig.time=2|orig.date=1839-12-19
1839	12	19	18	41	0	-21.2	orig=-17R|orig.time=9|orig.date=1839-12-19
1839	12	20	4	41	0	-22.5	orig=-18R|orig.time=7|orig.date=1839-12-20
1839	12	20	11	41	0	-18.8	orig=-15R|orig.time=2|orig.date=1839-12-20
1839	12	20	18	41	0	-23.8	orig=-19R|orig.time=9|orig.date=1839-12-20
1839	12	21	4	41	0	-28.1	orig=-22.5R|orig.time=7|orig.date=1839-12-21
1839	12	21	11	41	0	-23.4	orig=-18.75R|orig.time=2|orig.date=1839-12-21
1839	12	21	18	41	0	-23.4	orig=-18.75R|orig.time=9|orig.date=1839-12-21
1839	12	22	4	41	0	-21.9	orig=-17.5R|orig.time=7|orig.date=1839-12-22
1839	12	22	11	41	0	-19.1	orig=-15.25R|orig.time=2|orig.date=1839-12-22
1839	12	22	18	41	0	-16.6	orig=-13.25R|orig.time=9|orig.date=1839-12-22
1839	12	23	4	41	0	-20.9	orig=-16.75R|orig.time=7|orig.date=1839-12-23
1839	12	23	11	41	0	-18.8	orig=-15R|orig.time=2|orig.date=1839-12-23
1839	12	23	18	41	0	-20	orig=-16R|orig.time=9|orig.date=1839-12-23
1839	12	24	4	41	0	-20	orig=-16R|orig.time=7|orig.date=1839-12-24
1839	12	24	11	41	0	-17.5	orig=-14R|orig.time=2|orig.date=1839-12-24
1839	12	24	18	41	0	-20.9	orig=-16.75R|orig.time=9|orig.date=1839-12-24
1839	12	25	4	41	0	-24.1	orig=-19.25R|orig.time=7|orig.date=1839-12-25
1839	12	25	11	41	0	-18.8	orig=-15R|orig.time=2|orig.date=1839-12-25
1839	12	25	18	41	0	-20	orig=-16R|orig.time=9|orig.date=1839-12-25
1839	12	26	4	41	0	-16.2	orig=-13R|orig.time=7|orig.date=1839-12-26
1839	12	26	11	41	0	-15	orig=-12R|orig.time=2|orig.date=1839-12-26
1839	12	26	18	41	0	-16.2	orig=-13R|orig.time=9|orig.date=1839-12-26
1839	12	27	4	41	0	-20	orig=-16R|orig.time=7|orig.date=1839-12-27
1839	12	27	11	41	0	-17.5	orig=-14R|orig.time=2|orig.date=1839-12-27
1839	12	27	18	41	0	-19.7	orig=-15.75R|orig.time=9|orig.date=1839-12-27
1839	12	28	4	41	0	-20	orig=-16R|orig.time=7|orig.date=1839-12-28
1839	12	28	11	41	0	-17.5	orig=-14R|orig.time=2|orig.date=1839-12-28
1839	12	28	18	41	0	-20	orig=-16R|orig.time=9|orig.date=1839-12-28
1839	12	29	4	41	0	-19.7	orig=-15.75R|orig.time=7|orig.date=1839-12-29
1839	12	29	11	41	0	-15.7	orig=-12.54R|orig.time=2|orig.date=1839-12-29
1839	12	29	18	41	0	-15	orig=-12R|orig.time=9|orig.date=1839-12-29
1839	12	30	4	41	0	-11.9	orig=-9.5R|orig.time=7|orig.date=1839-12-30
1839	12	30	11	41	0	-9.4	orig=-7.5R|orig.time=2|orig.date=1839-12-30
1839	12	30	18	41	0	-8.8	orig=-7R|orig.time=9|orig.date=1839-12-30
1839	12	31	4	41	0	-9.4	orig=-7.5R|orig.time=7|orig.date=1839-12-31
1839	12	31	11	41	0	-8.8	orig=-7R|orig.time=2|orig.date=1839-12-31
1839	12	31	18	41	0	-8.8	orig=-7R|orig.time=9|orig.date=1839-12-31
